espn_id,full_name,salary,position,team_id
,"Blake Annen",4500,"TE","CHI"
,"Kadron Boone",4500,"WR","IND"
,"Danny Coale",4500,"WR","PIT"
,"Jace Davis",4500,"WR","HOU"
,"Jonathan Brown",4500,"MLB","CHI"
,"Kerwynn Williams",4500,"RB","ARI"
,"Jeff Demps",4500,"RB","IND"
,"Shaq Evans",4500,"WR","NYJ"
,"Kenny Okoro",4500,"CB","WAS"
,"Conor Boffeli",4500,"OG","CHI"
,"Evan Wilson",4500,"TE","OAK"
,"Jocquel Skinner",4500,"CB","TB"
,"Will Rackley",4500,"G","BAL"
,"Josh Andrews",4500,"OG","PHI"
,"Michael Palardy",4500,"K","OAK"
,"Pat Devlin",4500,"QB","MIN"
,"Jamil Merrell",4500,"DE","CHI"
,"Rashad Lawrence",4500,"WR","CHI"
,"Tavon Rooks",4500,"T","NO"
,"David Bruton Jr.",4500,"SAF","DEN"
,"Craig Loston",4500,"SAF","JAC"
,"Lance Lewis",4500,"WR","SF"
,"Jonathan Casillas",4500,"LB","NE"
,"Cameron Brate",4500,"TE","TB"
,"Curtis Feigt",4500,"OT","KC"
,"James Anderson",4500,"LB","DAL"
,"Ted Bolser",4500,"TE","ARI"
,"Solomon Patton",4500,"WR","TB"
,"Bryce Quigley",4500,"G","SD"
,"Hebron Fangupo",4500,"DT","KC"
,"Derek Dimke",4500,"K","JAC"
,"Richard Crawford",4500,"CB","SD"
,"Marcus Whitfield",4500,"OLB","JAC"
,"Robert Thomas",4500,"DT","WAS"
,"Dexter McDougle",4500,"CB","NYJ"
,"Ricky Jean-Francois",4500,"DT","IND"
,"George Atkinson",4500,"RB","OAK"
,"Cornellius Carradine",4500,"DE","SF"
,"Mike Kafka",4500,"QB","TB"
,"James Gayle",4500,"DE","WAS"
,"Tobais Palmer",4500,"WR","BUF"
,"Scott Solomon",4500,"LB","CLE"
,"Ross Weaver",4500,"DB","ARI"
,"Steve Johnson",4500,"WR","SF"
,"Dan Kistler",4500,"OT","OAK"
,"Lawrence Sidbury",4500,"OLB","TB"
,"Jimmy Gaines",4500,"LB","BUF"
,"Julian Vandervelde",4500,"C","PHI"
,"Al Louis-Jean",4500,"CB","CHI"
,"Rashaan Melvin",4500,"DB","BAL"
,"Corbin Louks",4500,"WR","KC"
,"Jordan Dangerfield",4500,"DB","PIT"
,"Lawrence Virgil",4500,"NT","NO"
,"Jason Weaver",4500,"T","CHI"
,"Chase Tenpenny",4500,"P","TB"
,"Frankie Hammond",4500,"WR","KC"
,"Emmanuel Dieke",4500,"DE","MIA"
,"Vernon Kearney",4500,"CB","OAK"
,"Graham Gano",4500,"K","CAR"
,"Shelton Johnson",4500,"SAF","TB"
,"Ryan Lindley",4500,"QB","ARI"
,"T.J. Heath",4500,"DB","MIA"
,"Gary Shamiel",4500,"DB","MIA"
,"Jacob Maxwell",4500,"TE","CHI"
,"Josh Allen",4500,"G","TB"
,"Jeremy Vujnovic",4500,"T","GB"
,"Aaron Hester",4500,"CB","KC"
,"Carrington Byndom",4500,"CB","CAR"
,"Deji Olatoye",4500,"CB","KC"
,"Mark Barron",4500,"SS","STL"
,"J.T. Thomas III",4500,"LB","JAC"
,"James Dockery",4500,"CB","CAR"
,"Chas Alecxih",4500,"DT","SD"
,"Robert Malone",4500,"P","NYG"
,"Trey Millard",4500,"FB","SF"
,"Justin Renfrow",4500,"DT","GB"
,"Landon Cohen",4500,"DT","SEA"
,"Victor Hampton",4500,"CB","NYG"
,"Ike Igbinosun",4500,"DE","BUF"
,"Kiko Alonso",4500,"LB","BUF"
,"Nate Menkin",4500,"T","BAL"
,"James Harrison",4500,"LB","PIT"
,"Edawn Coughman",4500,"OT","WAS"
,"Allen Bradford",4500,"LB","SEA"
,"Thomas DeCoud",4500,"SAF","CAR"
,"Emmett Cleary",4500,"T","CIN"
,"Garrett Hartley",4500,"K","CLE"
,"Daquan Jones",4500,"DT","TEN"
,"Jake Knott",4500,"LB","MIA"
,"Matt Patchan",4500,"OT","TB"
,"DeMarcus Love",4500,"T","DEN"
,"Leon Mackey",4500,"DE","MIN"
,"Matthew Masifilo",4500,"DT","TB"
,"Eric Kettani",4500,"FB","JAC"
,"Konrad Reuland",4500,"TE","BAL"
,"Cam Henderson",4500,"DE","NE"
,"Tyler Thigpen",4500,"QB","CLE"
,"Shawn Loiseau",4500,"LB","IND"
11387.0,"Matt Slater",4500,"WR","NE"
,"Tyler Shatley",4500,"OG","JAC"
,"Drew Butler",4500,"P","ARI"
,"Skye Dawson",4500,"WR","DET"
,"Amobi Okoye",4500,"DT","DAL"
,"Travis Long",4500,"LB","PHI"
,"Josh Cribbs",4500,"WR","IND"
,"Alan Branch",4500,"DT","NE"
,"George Uko",4500,"DT","TB"
,"Tre Boston",4500,"SAF","CAR"
,"Ryan Spadola",4500,"WR","ARI"
,"Austin Spitler",4500,"LB","WAS"
,"Dorin Dickerson",4500,"TE","TEN"
,"Robert Griffin III",4500,"QB","WAS"
,"Kenneth Horsley",4500,"DE","WAS"
,"Je'Ron Hamm",4500,"TE","WAS"
,"Terrance Cobb",4500,"RB","OAK"
,"Tauren Poole",4500,"RB","BAL"
,"Marshall McFadden",4500,"LB","STL"
,"Reggie Dunn",4500,"WR","DAL"
,"Jerry Rice Jr.",4500,"WR","WAS"
,"Brian de la Puente",4500,"C","CHI"
,"Seantavius Jones",4500,"WR","NO"
,"Trevardo Williams",4500,"OLB","WAS"
,"Jonathan Scott",4500,"OT","ATL"
,"Xavier Grimble",4500,"TE","SF"
,"Chris Whaley",4500,"DT","DAL"
,"Gerald Rivers",4500,"DE","DEN"
,"Stanley Jean-Baptiste",4500,"CB","NO"
,"Bubba Ventrone",4500,"SAF","SF"
,"Keavon Milton",4500,"OL","SEA"
,"Chris Boyd",4500,"WR","DAL"
,"Ronnie Wingo",4500,"RB","ATL"
,"Yamin Smallwood",4500,"LB","TEN"
,"Steve Smith, Sr.",4500,"WR","BAL"
,"Tim Benford",4500,"WR","PIT"
,"Brandon Smith",4500,"DB","BUF"
,"Joe Long",4500,"T","DET"
,"Edwin Baker",4500,"RB","NO"
,"Charles James",4500,"DB","HOU"
,"Victor Butler",4500,"OLB","NYG"
,"Alex Tanney",4500,"QB","TEN"
,"Dalton Freeman",4500,"C","NYJ"
,"Brad Nortman",4500,"P","CAR"
,"Jacob Schum",4500,"P","NYJ"
,"Courtney Bridget Jr.",4500,"CB","WAS"
,"Jerome Cunningham",4500,"TE","NYG"
,"Glenn Winston",4500,"RB","CLE"
,"Jeremiah Warren",4500,"OL","TB"
,"Louis Nix",4500,"DT","HOU"
,"L.P. LaDouceur",4500,"LS","DAL"
,"James Davidson",4500,"LB","NYG"
,"James Morris",4500,"LB","NE"
,"C.J. Goodwin",4500,"WR","PIT"
,"Matt Conrath",4500,"DT","STL"
,"L.J. McCray",4500,"DB","SF"
,"Charles Godfrey",4500,"FS","ATL"
,"Ryan Otten",4500,"TE","MIN"
,"Thad Lewis",4500,"QB","HOU"
,"Demarcus Lawrence",4500,"DE","DAL"
,"Nic Jacobs",4500,"TE","JAC"
,"Michael Flacco",4500,"TE","JAC"
,"J.C. Tretter",4500,"T","GB"
,"Connor Barth",4500,"K","DEN"
,"Trevin Wade",4500,"CB","DET"
,"Jerrell Harris",4500,"OLB","DET"
,"Eric Pinkins",4500,"SAF","SEA"
,"Jeremy Deering",4500,"SAF","JAC"
,"Dashaun Phillips",4500,"CB","NYJ"
,"Kevin Brock",4500,"TE","CIN"
,"Keith Lewis",4500,"CB","NYJ"
,"Kenny Phillips",4500,"SAF","NO"
,"Kimario McFadden",4500,"SAF","CAR"
,"Tyler McDonald",4500,"WR","MIA"
,"Colin Jones",4500,"SAF","CAR"
,"Cameron Fuller",4500,"CB","SF"
,"Devon Wylie",4500,"WR","STL"
,"Jamon Meredith",4500,"OT","TEN"
,"Pat Scales",4500,"LS","BAL"
,"Chris Owusu",4500,"WR","NYJ"
,"Roman Harper",4500,"SAF","CAR"
,"TJ Carrie",4500,"CB","OAK"
,"Todd Davis",4500,"MLB","DEN"
,"Chaz Sutton",4500,"DE","TEN"
,"Jon Weeks",4500,"LS","HOU"
,"Da'Mon Cromartie-Smith",4500,"SAF","WAS"
,"Zachary Orr",4500,"LB","BAL"
,"Dion Bailey",4500,"SAF","SEA"
,"Ricky Stanzi",4500,"QB","HOU"
,"Seth Lobato",4500,"QB","TB"
,"Bell Braylon",4500,"WR","WAS"
,"Chase Dixon",4500,"TE","WAS"
,"Adam Schiltz",4500,"TE","KC"
,"Brandon Coleman",4500,"WR","NO"
,"Robert Lester",4500,"SAF","CAR"
,"Devonta Glover-Wright",4500,"CB","GB"
,"Keith Pough",4500,"LB","CLE"
,"Ted Ginn",4500,"WR","ARI"
,"Rishaw Johnson",4500,"G","WAS"
,"B.J. Cunningham",4500,"WR","CHI"
,"Jalil Brown",4500,"CB","IND"
,"Kyle Nelson",4500,"TE","SF"
,"Garrett Scott",4500,"T","SEA"
,"Tony Washington",4500,"WR","JAC"
,"Nick McDonald",4500,"OL","CLE"
,"Dominique Jones",4500,"TE","DEN"
,"Peyton Thompson",4500,"CB","JAC"
,"Jerome Smith",4500,"RB","ATL"
,"Jansen Watson",4500,"CB","OAK"
,"Benny Cunningham",4500,"RB","STL"
,"D.J. Morrell",4500,"G","BUF"
,"Ka'Lial Glaud",4500,"LB","TB"
,"Craig Watts",4500,"OG","SD"
,"Cody Booth",4500,"OT","JAC"
,"Melvin White",4500,"CB","CAR"
,"Joe Madsen",4500,"C","GB"
,"Trey Wolfe",4500,"CB","WAS"
,"Adam Gettis",4500,"G","NYG"
,"Greg Ducre",4500,"CB","SD"
,"Ben Malena",4500,"RB","HOU"
,"Chris Harper",4500,"WR","NYG"
,"Andre Hal",4500,"DB","HOU"
,"Adrian Phillips",4500,"SAF","SD"
,"Brandon Thomas",4500,"G","SF"
,"Jeremy Towns",4500,"DT","BUF"
,"Freddie Martino",4500,"WR","ATL"
,"Branden Oliver",4500,"RB","SD"
,"Ikemefuna Enemkpali",4500,"DE","NYJ"
,"Juron Criner",4500,"WR","NYG"
,"Michael Zimmer",4500,"LB","SEA"
,"Walter Powell",4500,"WR","NYJ"
,"Chris Davis",4500,"CB","SD"
,"Steven Means",4500,"DE","BAL"
,"Ryan Pickett",4500,"DT","HOU"
,"Alejandro Villanueva",4500,"OL","PIT"
,"Ricky Havili-Heimuli",4500,"DT","ATL"
,"Fouimalo Fonoti",4500,"G","SF"
,"Chris Kirksey",4500,"LB","CLE"
,"Stephen Morris",4500,"QB","JAC"
,"Robert Steeples",4500,"CB","DAL"
,"Dustin Hopkins",4500,"K","NO"
,"Josh Brent",4500,"DT","DAL"
,"George Winn",4500,"RB","DET"
,"Jordan Mabin",4500,"CB","ATL"
,"Alex Boone",4500,"G","SF"
,"Jackson Jeffcoat",4500,"DE","WAS"
,"Andrew Furney",4500,"K","NYJ"
,"Adam Replogle",4500,"OL","ATL"
,"Rico Richardson",4500,"WR","TEN"
,"Drew Nowak",4500,"OG","SEA"
,"Micah Pellerin",4500,"SAF","DAL"
,"Antone Exum Jr.",4500,"CB","MIN"
,"Brandan Bishop",4500,"SAF","ATL"
,"Steven Baker",4500,"T","STL"
,"JoJo Dickson",4500,"MLB","KC"
,"Evan Rodriguez",4500,"FB","TB"
,"McLeod Bethel-Thompson",4500,"QB","MIA"
,"Tommy Streeter",4500,"WR","JAC"
,"Jordan Palmer",4500,"QB","TEN"
17423.0,"RaShaun Allen",4500,"TE","SEA"
,"Bene Benwikere",4500,"CB","CAR"
,"Spencer Hadley",4500,"MLB","OAK"
,"Uani Unga",4500,"MLB","NYG"
,"Keith Reaser",4500,"CB","SF"
,"R.J. Stanford",4500,"CB","MIA"
,"Matt Daniels",4500,"SAF","JAC"
,"Marcel Jones",4500,"T","BAL"
,"Jeff Mathews",4500,"QB","ARI"
,"Lowell Rose",4500,"CB","MIA"
,"J.J. Unga",4500,"OG","BAL"
,"Kenny Shaw",4500,"WR","OAK"
2273426.0,"Douglas McNeil",4500,"WR","SEA"
,"Travis Harvey",4500,"WR","ARI"
,"Ras-I Dowling",4500,"CB","OAK"
,"Danny Gorrer",4500,"DB","BAL"
,"David Quessenberry",4500,"T","HOU"
,"Kevin Greene",4500,"TE","CAR"
,"Tevita Stevens",4500,"OL","WAS"
,"Brett Brackett",4500,"TE","TEN"
,"Taylor Sloat",4500,"TE","TB"
,"LaKendrick Ross",4500,"DT","WAS"
,"Jay Feely",4500,"K","CHI"
,"Nate Stupar",4500,"LB","ATL"
,"Deontae Skinner",4500,"LB","NE"
,"Michael Bamiro",4500,"G","NYG"
,"Jeremy Cain",4500,"LS","CHI"
,"Marion Grice",4500,"RB","ARI"
,"Mat McBriar",4500,"P","SD"
,"Jonathan Bostic",4500,"LB","CHI"
,"William Poehls",4500,"T","TEN"
,"Will Herring",4500,"LB","STL"
,"Nate Isles",4500,"G","SEA"
,"Charley Hughlett",4500,"LS","CLE"
,"Derrius Brooks",4500,"CB","TB"
,"Carey Spear",4500,"K","CLE"
,"Jean Fanor",4500,"DB","GB"
,"Danny Mason",4500,"LB","DEN"
,"Nate Askew",4500,"LB","TEN"
,"Aaron Colvin",4500,"CB","JAC"
,"Rod Sweeting",4500,"CB","BUF"
,"Tim Hightower",4500,"RB","NO"
,"Deandre Coleman",4500,"DT","MIA"
,"Kevin Reddick",4500,"LB","CAR"
,"Alec Lemon",4500,"WR","BAL"
,"Khairi Fortt",4500,"OLB","JAC"
,"Rashad Ross",4500,"WR","WAS"
,"Brandon Barden",4500,"TE","KC"
15803,"EJ Manuel",4500,"QB","BUF"
16237,"Jeff Tuel",4500,"QB","BUF"
15092,"Bryce Brown",4500,"RB","BUF"
13212,"Anthony Dixon",4500,"RB","BUF"
10195,"Fred Jackson",4500,"RB","BUF"
13203,"C.J. Spiller",4500,"RB","BUF"
12733,"Frank Summers",4500,"FB","BUF"
13224,"Marcus Easley",4500,"WR","BUF"
15839,"Marquise Goodwin",4500,"WR","BUF"
14920,"T.J. Graham",4500,"WR","BUF"
14402,"Chris Hogan",4500,"WR","BUF"
17448,"Caleb Hollenfly",4500,"WR","BUF"
13489,"Mike Williams",4500,"WR","BUF"
15880,"Robert Woods",4500,"WR","BUF"
16725,"Sammy Watkins",4500,"WR","BUF"
10572,"Scott Chandler",4500,"TE","BUF"
13335,"Mike Caussin",4500,"TE","WAS"
15940,"Chris Gragg",4500,"TE","BUF"
13289,"Tony Moeaki",4500,"TE","BUF"
14215,"Lee Smith",4500,"TE","BUF"
13078,"Garrison Sanborn",4500,"C","BUF"
12627,"Eric Wood",4500,"C","BUF"
14971,"Cordy Glenn",4500,"OT","BUF"
14134,"Chris Hairston",4500,"OT","BUF"
16892,"Seantrel Henderson",4500,"OT","BUF"
16796,"Cyrus Kouandjio",4500,"OT","BUF"
9399,"Erik Pears",4500,"OT","BUF"
11556,"Doug Legursky",4500,"OG","BUF"
15533,"Antoine McClain",4500,"OG","BUF"
16825,"Cyril Richardson",4500,"OG","BUF"
12742,"Kraig Urbik",4500,"OG","BUF"
11248,"Chris Williams",4500,"OG","BUF"
13245,"Jerry Hughes",4500,"DE","BUF"
15740,"Ikponmwosa Igbinosun",4500,"DE","BUF"
17338,"Bryan Johnson",4500,"DE","BUF"
9608,"Manny Lawson",4500,"DE","BUF"
9587,"Mario Williams",4500,"DE","BUF"
12752,"Jarius Wynn",4500,"DE","BUF"
16568,"Stefan Charles",4500,"DT","BUF"
14231,"Corbin Bryant",4500,"DT","BUF"
9720,"Kyle Williams",4500,"DT","BUF"
13992,"Marcell Dareus",4500,"DT","BUF"
15075,"Nigel Bradham",4500,"LB","BUF"
16762,"Preston Brown",4500,"LB","BUF"
16816,"Randell Johnson",4500,"LB","BUF"
16036,"Ty Powell",4500,"LB","BUF"
11243,"Keith Rivers",4500,"LB","BUF"
15356,"Jacquies Smith",4500,"LB","BUF"
13298,"Brandon Spikes",4500,"LB","BUF"
13466,"Stevenson Sylvester",4500,"LB","BUF"
15008,"Ron Brooks",4500,"CB","BUF"
16843,"Ross Cockrell",4500,"CB","BUF"
14942,"Stephon Gilmore",4500,"CB","BUF"
10611,"Corey Graham",4500,"CB","BUF"
11245,"Leodis McKelvin",4500,"CB","BUF"
17305,"Deon Broomfield",4500,"DB","BUF"
14671,"Mario Butler",4500,"DB","BUF"
15376,"Bobby Felder",4500,"DB","BUF"
16217,"Nickell Robey",4500,"DB","BUF"
14143,"Da'Norris Searcy",4500,"SS","BUF"
17317,"Kenny Ladler",4500,"FS","BUF"
14045,"Aaron Williams",4500,"FS","BUF"
15884,"Duke Williams",4500,"FS","BUF"
11688,"Dan Carpenter",4500,"PK","BUF"
16591,"Jordan Gay",4500,"P","BUF"
11128,"Matt Moore",4500,"QB","MIA"
14876,"Ryan Tannehill",4500,"QB","MIA"
17331,"Orleans Darkwa",4500,"RB","MIA"
15952,"Mike Gillislee",4500,"RB","MIA"
14886,"Lamar Miller",4500,"RB","MIA"
12516,"Knowshon Moreno",4500,"RB","MIA"
12524,"Marcus Thigpen",4500,"RB","MIA"
14056,"Daniel Thomas",4500,"RB","MIA"
17359,"Damien Williams",4500,"RB","MIA"
14818,"Kevin Cone",4500,"WR","MIA"
12567,"Brandon Gibson",4500,"WR","MIA"
12568,"Brian Hartline",4500,"WR","MIA"
16870,"Matt Hazel",4500,"WR","MIA"
16790,"Jarvis Landry",4500,"WR","MIA"
15102,"Rishard Matthews",4500,"WR","MIA"
12601,"Mike Wallace",4500,"WR","MIA"
13219,"Damian Williams",4500,"WR","MIA"
14145,"Charles Clay",4500,"TE","MIA"
16844,"Arthur Lynch",4500,"TE","MIA"
17173,"Harold Hoskins",4500,"TE","MIA"
14289,"Kyle Miller",4500,"TE","MIA"
15974,"Dion Sims",4500,"TE","MIA"
16375,"Sam Brenner",4500,"C","MIA"
9287,"John Denney",4500,"C","MIA"
13974,"Mike Pouncey",4500,"C","MIA"
13364,"Jason Fox",4500,"OT","MIA"
11249,"Branden Albert",4500,"OT","MIA"
11377,"Tony Hills",4500,"OT","MIA"
16722,"Ja'Wuan James",4500,"OT","MIA"
16759,"Billy Turner",4500,"OT","MIA"
14119,"David Arkin",4500,"OG","MIA"
9633,"Daryn Colledge",4500,"OG","MIA"
11445,"Nate Garner",4500,"OG","MIA"
17148,"Evan Finkenberg",4500,"OG","MIA"
13460,"Shelley Smith",4500,"OG","MIA"
15868,"Dallas Thomas",4500,"OG","MIA"
17276,"Davonte Wallace",4500,"OG","MIA"
16860,"Terrence Fede",4500,"DE","MIA"
15800,"Dion Jordan",4500,"DE","MIA"
17217,"Tevin Mims",4500,"DE","MIA"
14075,"D'Aundre Reed",4500,"?","JAC"
15278,"Derrick Shelby",4500,"DE","MIA"
14982,"Olivier Vernon",4500,"DE","MIA"
12417,"Cameron Wake",4500,"DE","MIA"
14856,"Isaako Aaitui",4500,"DT","MIA"
16398,"A.J. Francis",4500,"DT","MIA"
17184,"Anthony Johnson",4500,"DT","MIA"
17187,"Kamal Johnson",4500,"DT","MIA"
13288,"Earl Mitchell",4500,"DT","MIA"
13244,"Jared Odrick",4500,"DT","MIA"
17253,"Garrison Smith",4500,"DT","MIA"
5596,"Randy Starks",4500,"DT","MIA"
13103,"Dannell Ellerbe",4500,"LB","MIA"
14387,"Jonathan Freeny",4500,"LB","MIA"
15985,"Jelani Jenkins",4500,"LB","MIA"
17430,"Chris McCain",4500,"LB","MIA"
13287,"Koa Misi",4500,"LB","MIA"
10504,"Samson Satele",4500,"C","MIA"
16862,"Jordan Tripp",4500,"LB","MIA"
10927,"Jason Trusnik",4500,"LB","MIA"
11327,"Philip Wheeler",4500,"LB","MIA"
17291,"Andrew Wilson",4500,"LB","MIA"
16819,"Walt Aikens",4500,"CB","MIA"
15833,"Will Davis",4500,"CB","MIA"
9801,"Cortland Finnegan",4500,"CB","MIA"
10913,"Brent Grimes",4500,"CB","MIA"
15866,"Jamar Taylor",4500,"CB","MIA"
17491,"Kevin Fogg",4500,"DB","MIA"
15943,"Don Jones",4500,"SS","MIA"
16363,"Jordan Kovacs",4500,"SS","MIA"
12528,"Louis Delmas",4500,"FS","MIA"
13395,"Reshad Jones",4500,"FS","MIA"
14565,"Jake Rogers",4500,"PK","MIA"
15918,"Caleb Sturgis",4500,"PK","MIA"
10668,"Brandon Fields",4500,"P","MIA"
16812,"Tajh Boyd",4500,"QB","NYJ"
15407,"Matt Simms",4500,"QB","NYJ"
15864,"Geno Smith",4500,"QB","NYJ"
2549,"Michael Vick",4500,"QB","NYJ"
14055,"Alex Green",4500,"RB","NYJ"
13587,"Chris Ivory",4500,"RB","NYJ"
11258,"Chris Johnson",4500,"RB","NYJ"
14129,"Bilal Powell",4500,"RB","NYJ"
15111,"Daryl Richardson",4500,"RB","NYJ"
15973,"Tommy Bohanon",4500,"FB","NYJ"
13271,"Eric Decker",4500,"WR","NYJ"
16899,"Quincy Enunwa",4500,"WR","NYJ"
16811,"Shaquelle Evans",4500,"WR","NYJ"
14209,"Clyde Gates",4500,"WR","NYJ"
14910,"Stephen Hill",4500,"WR","NYJ"
14151,"Jeremy Kerley",4500,"WR","NYJ"
15397,"Saalim Hakim",4500,"WR","NYJ"
13621,"David Nelson",4500,"WR","NYJ"
14106,"Greg Salas",4500,"WR","NYJ"
16928,"Jalen Saunders",4500,"WR","NYJ"
16792,"Jace Amaro",4500,"TE","NYJ"
13555,"Jeff Cumberland",4500,"TE","NYJ"
16210,"Chris Pantale",4500,"TE","NYJ"
16418,"Zach Sudfeld",4500,"TE","NYJ"
9615,"Nick Mangold",4500,"C","NYJ"
12605,"Tanner Purdum",4500,"C","NYJ"
15972,"Oday Aboushi",4500,"OT","NYJ"
9590,"D'Brickashaw Ferguson",4500,"OT","NYJ"
11384,"Breno Giacomini",4500,"OT","NYJ"
16861,"Dakota Dozier",4500,"OT","NYJ"
14041,"Ben Ijalana",4500,"OT","NYJ"
17087,"Brent Qvale",4500,"OT","NYJ"
15969,"William Campbell",4500,"OG","NYJ"
9717,"Willie Colon",4500,"OG","NYJ"
14069,"Caleb Schlauderaff",4500,"OG","NYJ"
15879,"Brian Winters",4500,"OG","NYJ"
5552,"Jason Babin",4500,"DE","NYJ"
14057,"Kenrick Ellis",4500,"DE","NYJ"
15811,"Sheldon Richardson",4500,"DE","NYJ"
17093,"Zach Thompson",4500,"DE","NYJ"
13985,"Muhammad Wilkerson",4500,"DE","NYJ"
11920,"Leger Douzable",4500,"DT","NYJ"
16127,"T.J. Barnes",4500,"DT","NYJ"
15704,"Tevita Finau",4500,"DT","NYJ"
15380,"Damon Harrison",4500,"DT","NYJ"
10577,"Antwan Barnes",4500,"LB","NYJ"
14471,"Nick Bellore",4500,"LB","NYJ"
14934,"Quinton Coples",4500,"LB","NYJ"
13269,"Jermaine Cunningham",4500,"LB","NYJ"
14958,"Demario Davis",4500,"LB","NYJ"
16180,"Troy Davis",4500,"LB","NYJ"
13358,"A.J. Edds",4500,"LB","NYJ"
16858,"IK Enemkpali",4500,"LB","NYJ"
16897,"Jeremiah George",4500,"LB","NYJ"
10491,"David Harris",4500,"LB","NYJ"
13165,"Josh Mauga",4500,"LB","KC"
12105,"Garrett McIntyre",4500,"LB","NYJ"
4476,"Calvin Pace",4500,"LB","NYJ"
16834,"Trevor Reilly",4500,"LB","NYJ"
16957,"Brandon Dixon",4500,"CB","NYJ"
16805,"Dex McDougle",4500,"CB","NYJ"
15804,"Dee Milliner",4500,"CB","NYJ"
15117,"Tim Fugger",4500,"LB","NYJ"
9351,"Dimitri Patterson",4500,"CB","NYJ"
14510,"Darrin Walls",4500,"CB","NYJ"
13237,"Kyle Wilson",4500,"CB","NYJ"
15113,"Josh Bush",4500,"DB","NYJ"
14011,"Johnny Patrick",4500,"CB","NYJ"
14714,"LeQuan Lewis",4500,"","NE"
16206,"Rontez Miles",4500,"DB","NYJ"
12681,"Ellis Lankster",4500,"DB","NYJ"
9732,"Dawan Landry",4500,"SS","NYJ"
15061,"Antonio Allen",4500,"FS","NYJ"
14043,"Jaiquawn Jarrett",4500,"FS","NYJ"
16697,"Jeremy Reeves",4500,"DB","NYJ"
16729,"Calvin Pryor",4500,"FS","NYJ"
10621,"Nick Folk",4500,"PK","NYJ"
15616,"Ryan Quigley",4500,"P","NYJ"
2330,"Tom Brady",4500,"QB","NE"
16760,"Jimmy Garoppolo",4500,"QB","NE"
14037,"Ryan Mallett",4500,"QB","NE"
15478,"Brandon Bolden",4500,"RB","NE"
17147,"Roy Finch",4500,"RB","NE"
16838,"Tyler Gaffney",4500,"RB","NE"
15364,"Jonas Gray",4500,"RB","NE"
14028,"Stevan Ridley",4500,"RB","NE"
14017,"Shane Vereen",4500,"RB","NE"
16913,"James White",4500,"RB","NE"
13940,"James Develin",4500,"FB","NE"
11674,"Danny Amendola",4500,"WR","NE"
15998,"Josh Boyce",4500,"WR","NE"
15834,"Aaron Dobson",4500,"WR","NE"
12649,"Julian Edelman",4500,"WR","NE"
16828,"Jeremy Gallon",4500,"WR","NE"
12576,"Brandon LaFell",4500,"WR","NE"
12589,"Greg Orton",4500,"WR","NE"
11387,"Matthew Slater",4500,"WR","NE"
16381,"Kenbrell Thompkins",4500,"WR","NE"
13387,"Michael Hoomanawanui",4500,"TE","NE"
16285,"Tim Wright",4500,"TE","NE"
15252,"Brian Tyms",4500,"WR","NE"
13229,"Rob Gronkowski",4500,"TE","NE"
14581,"Danny Aiken",4500,"C","NE"
16295,"Braxston Cave",4500,"C","NE"
11786,"Ryan Wendell",4500,"C","NE"
14116,"Marcus Cannon",4500,"OT","NE"
16385,"Jordan Devey",4500,"OT","NE"
16932,"Cameron Fleming",4500,"OT","NE"
13863,"Steve Maneri",4500,"OT","NE"
17362,"Chris Martin",4500,"OT","NE"
13964,"Nate Solder",4500,"OT","NE"
12626,"Sebastian Vollmer",4500,"OT","NE"
9298,"Dan Connolly",4500,"OG","NE"
16842,"Jon Halapio",4500,"OG","NE"
16403,"Josh Kline",4500,"OG","NE"
15607,"Ben Bass",4500,"DE","NE"
14960,"Jake Bequette",4500,"DE","NE"
15959,"Michael Buchanan",4500,"DE","NE"
14927,"Chandler Jones",4500,"DE","NE"
16959,"Zach Moore",4500,"DE","NE"
9721,"Rob Ninkovich",4500,"DE","NE"
16721,"Dominique Easley",4500,"DT","NE"
15955,"Chris Jones",4500,"DT","NE"
17204,"Eathyn Manumaleuna",4500,"DT","NE"
14441,"Sealver Siliga",4500,"DT","NE"
17455,"LT Tuipulotu",4500,"DT","NE"
16421,"Joe Vellano",4500,"DT","NE"
5546,"Vince Wilfork",4500,"DT","NE"
14967,"Jerel Worthy",4500,"DT","NE"
15988,"Steve Beauharnais",4500,"LB","NE"
15830,"Jamie Collins",4500,"LB","NE"
16559,"Ja'Gared Davis",4500,"LB","NE"
15080,"Darius Fleming",4500,"LB","NE"
17159,"Cameron Gordon",4500,"LB","NE"
14933,"Dont'a Hightower",4500,"LB","NE"
11244,"Jerod Mayo",4500,"LB","NE"
17436,"Taylor McCuller",4500,"LB","NE"
14201,"Chris White",4500,"LB","NE"
11494,"Kyle Arrington",4500,"CB","NE"
9250,"Brandon Browner",4500,"CB","NE"
15053,"Alfonzo Dennard",4500,"CB","NE"
10458,"Darrelle Revis",4500,"CB","NE"
15861,"Logan Ryan",4500,"CB","NE"
17435,"Malcolm Butler",4500,"DB","NE"
16394,"Kanorris Davis",4500,"DB","NE"
15125,"Nate Ebner",4500,"DB","NE"
17154,"Shamiel Gary",4500,"DB","NE"
16304,"Daxton Swanson",4500,"DB","NE"
15842,"Duron Harmon",4500,"SS","NE"
14977,"Tavon Wilson",4500,"SS","NE"
12527,"Patrick Chung",4500,"FS","NE"
13236,"Devin McCourty",4500,"FS","NE"
9704,"Stephen Gostkowski",4500,"PK","NE"
16382,"Ryan Allen",4500,"P","NE"
8520,"Kyle Orton",4500,"QB","BUF"
5209,"Tony Romo",4500,"QB","DAL"
17337,"Dustin Vaughan",4500,"QB","DAL"
14878,"Brandon Weeden",4500,"QB","DAL"
15369,"Lance Dunbar",4500,"RB","DAL"
14005,"DeMarco Murray",4500,"RB","DAL"
14625,"Phillip Tanner",4500,"RB","DAL"
14051,"Ryan Williams",4500,"RB","DAL"
15349,"Cole Beasley",4500,"WR","DAL"
13227,"Dezmon Briscoe",4500,"WR","DAL"
13215,"Dez Bryant",4500,"WR","DAL"
15536,"LaRon Byrd",4500,"WR","DAL"
14100,"Dwayne Harris",4500,"WR","DAL"
13945,"Tyler Clutts",4500,"FB","DAL"
14295,"Jamar Newsome",4500,"WR","DAL"
15878,"Terrance Williams",4500,"WR","DAL"
15836,"Gavin Escobar",4500,"TE","DAL"
14906,"James Hanna",4500,"TE","DAL"
17281,"Asa Watson",4500,"","NE"
4527,"Jason Witten",4500,"TE","DAL"
15793,"Travis Frederick",4500,"C","DAL"
9349,"L.P. Ladouceur",4500,"C","DAL"
17308,"Josh Aladenoye",4500,"OT","DAL"
10565,"Doug Free",4500,"OT","DAL"
13066,"Jermey Parnell",4500,"OT","DAL"
13978,"Tyron Smith",4500,"OT","DAL"
15332,"Darrion Weems",4500,"OT","DAL"
16247,"John Wetzel",4500,"OT","DAL"
11484,"Mackenzy Bernadeau",4500,"OG","DAL"
17339,"Brian Clarke",4500,"OG","DAL"
15276,"Ronald Leary",4500,"OG","DAL"
16709,"Zack Martin",4500,"OG","DAL"
10592,"Uche Nwaneri",4500,"OG","DAL"
17327,"Ronald Patrick",4500,"OG","DAL"
16049,"Kenneth Boatright",4500,"DE","DAL"
14987,"Tyrone Crawford",4500,"DE","DAL"
16839,"Ben Gardner",4500,"DE","DAL"
16802,"DeMarcus Lawrence",4500,"DE","DAL"
9777,"Jeremy Mincey",4500,"DE","DAL"
16606,"Caesar Rayford",4500,"DE","DAL"
10470,"Anthony Spencer",4500,"DE","DAL"
13452,"George Selvie",4500,"DE","DAL"
16953,"Ken Bishop",4500,"DT","DAL"
17334,"Davon Coleman",4500,"DT","DAL"
11415,"Nick Hayden",4500,"DT","DAL"
17479,"Dartwan Bush",4500,"DT","DAL"
14014,"Terrell McClain",4500,"DT","DAL"
16153,"Zach Minter",4500,"DT","DAL"
12695,"Henry Melton",4500,"DT","DAL"
14026,"Bruce Carter",4500,"LB","DAL"
10492,"Justin Durant",4500,"LB","DAL"
16883,"Anthony Hitchens",4500,"LB","DAL"
16476,"Cameron Lawrence",4500,"LB","DAL"
15990,"DeVonte Holloman",4500,"LB","DAL"
13284,"Sean Lee",4500,"LB","DAL"
14343,"Orie Lemon",4500,"LB","DAL"
13255,"Rolando McClain",4500,"LB","DAL"
17315,"Keith Smith",4500,"LB","DAL"
17328,"Dontavis Sapp",4500,"LB","DAL"
16951,"Will Smith",4500,"LB","DAL"
11363,"Brandon Carr",4500,"CB","DAL"
14943,"Morris Claiborne",4500,"CB","DAL"
15038,"Kyle Wilber",4500,"LB","DAL"
11366,"Orlando Scandrick",4500,"CB","DAL"
16927,"Terrance Mitchell",4500,"CB","DAL"
16626,"Justin Green",4500,"DB","DAL"
16471,"Jakar Hamilton",4500,"DB","DAL"
14802,"Sterling Moore",4500,"DB","DAL"
17450,"Tyler Patmon",4500,"DB","DAL"
17324,"Ryan Smith",4500,"DB","DAL"
16817,"Jemea Thomas",4500,"","NE"
16895,"Ahmad Dixon",4500,"S","DAL"
16473,"Jeff Heath",4500,"SS","DAL"
15119,"Matt Johnson",4500,"SS","DAL"
15874,"J.J. Wilcox",4500,"SS","DAL"
13338,"Barry Church",4500,"FS","DAL"
14322,"Dan Bailey",4500,"PK","DAL"
14723,"Chris Jones",4500,"P","DAL"
5526,"Eli Manning",4500,"QB","NYG"
15891,"Ryan Nassib",4500,"QB","NYG"
12479,"Curtis Painter",4500,"QB","NYG"
15929,"Michael Cox",4500,"RB","NYG"
16066,"Kendall Gaskins",4500,"RB","NYG"
11461,"Peyton Hillis",4500,"RB","NYG"
12503,"Rashad Jennings",4500,"RB","NYG"
14887,"David Wilson",4500,"RB","NYG"
13341,"John Conner",4500,"FB","NYG"
16889,"Andre Williams",4500,"RB","NYG"
14608,"Henry Hynoski",4500,"FB","NYG"
16733,"Odell Beckham Jr.",4500,"WR","NYG"
13553,"Victor Cruz",4500,"WR","NYG"
14688,"Marcus Harris",4500,"WR","NYG"
14040,"Jerrel Jernigan",4500,"WR","NYG"
11329,"Mario Manningham",4500,"WR","NYG"
13703,"Preston Parker",4500,"WR","NYG"
14911,"Rueben Randle",4500,"WR","NYG"
13386,"Trindon Holliday",4500,"WR","NYG"
15518,"Julian Talley",4500,"WR","NYG"
17279,"Corey Washington",4500,"WR","NYG"
11392,"Kellen Davis",4500,"TE","NYG"
15707,"Larry Donnell",4500,"TE","NYG"
10287,"Daniel Fells",4500,"TE","NYG"
14905,"Adrien Robinson",4500,"TE","NYG"
10560,"Zak DeOssie",4500,"C","NYG"
16746,"Weston Richburg",4500,"C","NYG"
13303,"J.D. Walton",4500,"C","NYG"
13263,"Charles Brown",4500,"OT","NYG"
16138,"Rogers Gaines",4500,"OT","NYG"
2477989,"Adam Gress",4500,"OT","NYG"
12679,"Troy Kropog",4500,"OT","NYG"
15808,"Justin Pugh",4500,"OT","NYG"
15026,"Mark Asper",4500,"OG","NYG"
14098,"James Brewer",4500,"OG","NYG"
15945,"Eric Herman",4500,"OG","NYG"
13278,"John Jerry",4500,"OG","NYG"
15105,"Brandon Mosley",4500,"OG","NYG"
12610,"Will Beatty",4500,"OT","NYG"
12839,"Dallas Reynolds",4500,"OG","NYG"
11475,"Geoff Schwartz",4500,"OG","NYG"
12432,"Robert Ayers",4500,"DE","NYG"
4996,"Israel Idonije",4500,"DE","NYG"
9618,"Mathias Kiwanuka",4500,"DE","NYG"
15858,"Damontre Moore",4500,"DE","NYG"
13256,"Jason Pierre-Paul",4500,"DE","NYG"
17313,"Jordan Stanton",4500,"DE","NYG"
17296,"Kerry Wynn",4500,"DE","NYG"
16776,"Jay Bromley",4500,"DT","NYG"
15841,"Johnathan Hankins",4500,"DT","NYG"
5009,"Cullen Jenkins",4500,"DT","NYG"
8445,"Mike Patterson",4500,"DT","NYG"
15024,"Markus Kuhn",4500,"DT","NYG"
17235,"Kelcy Quarles",4500,"DT","NYG"
17103,"Justin Anderson",4500,"LB","NYG"
10469,"Jon Beason",4500,"LB","NYG"
14262,"Mark Herzlich",4500,"LB","NYG"
16820,"Devon Kennard",4500,"LB","NYG"
15110,"Terrell Manning",4500,"LB","NYG"
17311,"Dan Fox",4500,"LB","NYG"
11841,"Jameel McClain",4500,"LB","NYG"
14648,"Spencer Paysinger",4500,"LB","NYG"
14199,"Jacquian Williams",4500,"LB","NYG"
13975,"Prince Amukamara",4500,"CB","NYG"
11365,"Zack Bowman",4500,"CB","NYG"
15549,"Chandler Fenner",4500,"CB","NYG"
14983,"Jayron Hosley",4500,"CB","NYG"
16490,"Travis Howard",4500,"CB","NYG"
16879,"Bennett Jackson",4500,"CB","NYG"
10664,"Trumaine McBride",4500,"CB","NYG"
11250,"Dominique Rodgers-Cromartie",4500,"CB","NYG"
13473,"Walter Thurmond III",4500,"CB","NYG"
17160,"Thomas Gordon",4500,"DB","NYG"
15621,"Will Hill",4500,"DB","BAL"
13321,"Stevie Brown",4500,"SS","NYG"
8423,"Antrel Rolle",4500,"SS","NYG"
11351,"Quintin Demps",4500,"FS","NYG"
16850,"Nat Berhe",4500,"SS","NYG"
10127,"Steve Weatherford",4500,"P","NYG"
15948,"Matt Barkley",4500,"QB","PHI"
14877,"Nick Foles",4500,"QB","PHI"
15299,"G.J. Kinne",4500,"QB","PHI"
12482,"Mark Sanchez",4500,"QB","PHI"
15921,"Kenjon Barner",4500,"RB","PHI"
17010,"Henry Josey",4500,"RB","PHI"
12514,"LeSean McCoy",4500,"RB","PHI"
8544,"Darren Sproles",4500,"RB","PHI"
16236,"Matthew Tucker",4500,"RB","PHI"
13218,"Arrelious Benn",4500,"WR","PHI"
16779,"Josh Huff",4500,"WR","PHI"
15624,"Damaris Johnson",4500,"WR","PHI"
13225,"Riley Cooper",4500,"WR","PHI"
12579,"Jeremy Maclin",4500,"WR","PHI"
14590,"Jeff Maehl",4500,"WR","PHI"
16763,"Jordan Matthews",4500,"WR","PHI"
15775,"Ifeanyi Momah",4500,"WR","PHI"
16565,"Will Murphy",4500,"WR","PHI"
17029,"Quron Pratt",4500,"WR","PHI"
12535,"James Casey",4500,"TE","PHI"
10605,"Brent Celek",4500,"TE","PHI"
16974,"Trey Burton",4500,"TE","PHI"
15835,"Zach Ertz",4500,"TE","PHI"
4902,"Jon Dorenbos",4500,"C","PHI"
14124,"Jason Kelce",4500,"C","PHI"
15030,"David Molk",4500,"C","PHI"
10563,"Allen Barbre",4500,"OT","PHI"
12659,"Andrew Gardner",4500,"OT","PHI"
16999,"Kevin Graf",4500,"OT","PHI"
15797,"Lane Johnson",4500,"OT","PHI"
15054,"Dennis Kelly",4500,"OT","PHI"
6012,"Jason Peters",4500,"OT","PHI"
16235,"Matt Tobin",4500,"OT","PHI"
8540,"Todd Herremans",4500,"OG","PHI"
8493,"Evan Mathis",4500,"OG","PHI"
14941,"Fletcher Cox",4500,"DE","PHI"
14361,"Brandon Bair",4500,"DE","PHI"
14959,"Vinny Curry",4500,"DE","PHI"
16865,"Taylor Hart",4500,"DE","PHI"
16231,"Damion Square",4500,"DE","PHI"
14310,"Cedric Thornton",4500,"DE","PHI"
16912,"Beau Allen",4500,"DT","PHI"
17012,"Wade Keliikipi",4500,"DT","PHI"
15850,"Bennie Logan",4500,"DT","PHI"
15045,"Emmanuel Acho",4500,"LB","PHI"
8560,"Trent Cole",4500,"LB","PHI"
14524,"Bryan Braman",4500,"LB","PHI"
15068,"Najee Goode",4500,"LB","PHI"
13239,"Brandon Graham",4500,"LB","PHI"
15069,"Josh Kaddu",4500,"LB","PHI"
14978,"Mychal Kendricks",4500,"LB","PHI"
14181,"Casey Matthews",4500,"LB","PHI"
9619,"DeMeco Ryans",4500,"LB","PHI"
15057,"Brandon Boykin",4500,"CB","PHI"
16712,"Marcus Smith",4500,"LB","PHI"
14118,"Roc Carmichael",4500,"CB","PHI"
13333,"Nolan Carroll",4500,"CB","PHI"
12652,"Bradley Fletcher",4500,"CB","PHI"
16919,"Jaylen Watkins",4500,"CB","PHI"
11463,"Cary Williams",4500,"CB","PHI"
16354,"Keelan Johnson",4500,"DB","PHI"
14031,"Curtis Marsh",4500,"DB","PHI"
16933,"Ed Reynolds",4500,"S","PHI"
13257,"Nate Allen",4500,"SS","PHI"
12426,"Malcolm Jenkins",4500,"FS","PHI"
13697,"Chris Maragos",4500,"FS","PHI"
14123,"Alex Henery",4500,"PK","PHI"
15917,"Earl Wolff",4500,"FS","PHI"
17082,"Cody Parkey",4500,"PK","PHI"
14880,"Kirk Cousins",4500,"QB","WAS"
14875,"Robert Griffin",4500,"QB","WAS"
5749,"Donnie Jones",4500,"P","PHI"
13199,"Colt McCoy",4500,"QB","WAS"
14192,"Roy Helu",4500,"RB","WAS"
15009,"Alfred Morris",4500,"RB","WAS"
17352,"Silas Redd",4500,"RB","WAS"
14105,"Evan Royster",4500,"RB","WAS"
16885,"Lache Seastrunk",4500,"RB","WAS"
13097,"Darrel Young",4500,"FB","WAS"
15966,"Chris Thompson",4500,"RB","WAS"
11439,"Pierre Garcon",4500,"WR","WAS"
16845,"Ryan Grant",4500,"WR","WAS"
14021,"Leonard Hankerson",4500,"WR","WAS"
11283,"DeSean Jackson",4500,"WR","WAS"
2564,"Santana Moss",4500,"WR","WAS"
14164,"Aldrick Robinson",4500,"WR","WAS"
16345,"Nick Williams",4500,"WR","WAS"
14156,"Niles Paul",4500,"TE","WAS"
13726,"Logan Paulsen",4500,"TE","WAS"
15860,"Jordan Reed",4500,"TE","WAS"
12904,"Nick Sundberg",4500,"C","WAS"
16771,"Morgan Moses",4500,"OT","WAS"
11572,"Tyler Polumbus",4500,"OT","WAS"
13241,"Trent Williams",4500,"OT","WAS"
9642,"Chris Chester",4500,"OG","WAS"
15082,"Tom Compton",4500,"OT","WAS"
14078,"Maurice Hurt",4500,"OG","WAS"
13283,"Shawn Lauvao",4500,"OG","WAS"
14961,"Josh LeRibeus",4500,"OG","WAS"
11342,"Kory Lichtensteiger",4500,"OG","WAS"
16743,"Spencer Long",4500,"OG","WAS"
12760,"Chris Baker",4500,"DE","WAS"
10361,"Stephen Bowen",4500,"DE","WAS"
9678,"Jason Hatcher",4500,"DE","WAS"
14019,"Jarvis Jenkins",4500,"DE","WAS"
9782,"Kedric Golston",4500,"DE","WAS"
9710,"Barry Cofield",4500,"DT","WAS"
13366,"Clifton Geathers",4500,"DT","WAS"
14176,"Frank Kearse",4500,"DT","WAS"
14067,"Chris Neild",4500,"DT","WAS"
12433,"Everette Brown",4500,"LB","WAS"
16324,"Will Compton",4500,"LB","WAS"
10625,"Adam Hayward",4500,"LB","WAS"
10883,"Akeem Jordan",4500,"LB","WAS"
13973,"Ryan Kerrigan",4500,"LB","WAS"
16751,"Trent Murphy",4500,"LB","WAS"
12439,"Brian Orakpo",4500,"LB","WAS"
14068,"Gabe Miller",4500,"LB","WAS"
13443,"Perry Riley",4500,"LB","WAS"
13453,"Darryl Sharpton",4500,"LB","WAS"
16890,"Bashaud Breeland",4500,"CB","WAS"
5533,"DeAngelo Hall",4500,"CB","WAS"
11274,"Tracy Porter",4500,"CB","WAS"
17417,"Courtney Bridget",4500,"DB","WAS"
16702,"Akeem Davis",4500,"DB","WAS"
10550,"Tanard Jackson",4500,"DB","WAS"
16446,"Chase Minnifield",4500,"DB","WAS"
15049,"Trenton Robinson",4500,"DB","WAS"
10468,"Brandon Meriweather",4500,"SS","WAS"
15912,"Bacarri Rambo",4500,"SS","WAS"
15886,"Phillip Thomas",4500,"SS","WAS"
15820,"David Amerson",4500,"FS","WAS"
12633,"E.J. Biggers",4500,"FS","WAS"
4301,"Ryan Clark",4500,"FS","WAS"
14816,"Kai Forbath",4500,"PK","WAS"
16916,"Zach Hocker",4500,"PK","WAS"
16166,"Tress Way",4500,"P","WAS"
15935,"Zac Dysert",4500,"QB","DEN"
1428,"Peyton Manning",4500,"QB","DEN"
14879,"Brock Osweiler",4500,"QB","DEN"
16040,"C.J. Anderson",4500,"RB","DEN"
15823,"Montee Ball",4500,"RB","DEN"
16969,"Kapri Bibbs",4500,"RB","DEN"
14895,"Ronnie Hillman",4500,"RB","DEN"
17045,"Juwan Thompson",4500,"RB","DEN"
16972,"Isaiah Burse",4500,"WR","DEN"
11331,"Andre Caldwell",4500,"WR","DEN"
16995,"Bennie Fowler",4500,"WR","DEN"
16793,"Cody Latimer",4500,"WR","DEN"
12587,"Jordan Norwood",4500,"WR","DEN"
15189,"Nathan Palmer",4500,"WR","DEN"
13295,"Emmanuel Sanders",4500,"WR","DEN"
13216,"Demaryius Thomas",4500,"WR","DEN"
5941,"Wes Welker",4500,"WR","DEN"
13401,"Jameson Konz",4500,"TE","DEN"
12545,"Cameron Morrah",4500,"TE","DEN"
15214,"Gerell Robinson",4500,"TE","DEN"
14085,"Virgil Green",4500,"TE","DEN"
11373,"Jacob Tamme",4500,"TE","DEN"
14204,"Julius Thomas",4500,"TE","DEN"
16847,"Matt Paradis",4500,"C","DEN"
10561,"Manny Ramirez",4500,"C","DEN"
11246,"Ryan Clady",4500,"OT","DEN"
15241,"Aaron Brewer",4500,"C","DEN"
11689,"Chris Clark",4500,"OT","DEN"
15706,"Paul Cornick",4500,"OT","DEN"
13996,"Orlando Franklin",4500,"OT","DEN"
15927,"Vinston Painter",4500,"OT","DEN"
13802,"Ben Garland",4500,"OG","DEN"
15031,"Ryan Miller",4500,"OG","DEN"
16741,"Michael Schofield",4500,"OT","DEN"
16965,"Kenny Anunike",4500,"DE","DEN"
15047,"Malik Jackson",4500,"DE","DEN"
17014,"Greg Latta",4500,"DE","DEN"
13886,"Brian Sanford",4500,"DE","DEN"
12744,"Louis Vasquez",4500,"OG","DEN"
15997,"Quanterus Smith",4500,"DE","DEN"
9820,"Will Montgomery",4500,"C","DEN"
8426,"DeMarcus Ware",4500,"DE","DEN"
16124,"John Youboty",4500,"DE","DEN"
14025,"Marvin Austin",4500,"DT","DEN"
14003,"Sione Fua",4500,"DT","DEN"
14964,"Derek Wolfe",4500,"DE","DEN"
12677,"Terrance Knighton",4500,"DT","DEN"
13860,"Mitch Unrein",4500,"DT","DEN"
8630,"Kevin Vickerson",4500,"DT","DEN"
15816,"Sylvester Williams",4500,"DT","DEN"
16967,"Shaquil Barrett",4500,"LB","DEN"
13337,"Jamar Chaney",4500,"LB","DEN"
15264,"L.J. Fort",4500,"LB","DEN"
14004,"Nate Irving",4500,"LB","DEN"
15733,"Steven Johnson",4500,"LB","DEN"
15002,"Brandon Marshall",4500,"LB","DEN"
16090,"Lerentee McCray",4500,"LB","DEN"
13976,"Von Miller",4500,"LB","DEN"
16902,"Corey Nelson",4500,"LB","DEN"
15074,"Danny Trevathan",4500,"LB","DEN"
17438,"Chase Vaughn",4500,"LB","DEN"
12771,"Tony Carter",4500,"CB","DEN"
14398,"Chris Harris",4500,"CB","DEN"
16719,"Bradley Roby",4500,"CB","DEN"
11254,"Aqib Talib",4500,"CB","DEN"
15872,"Kayvon Webster",4500,"CB","DEN"
13290,"Jerome Murphy",4500,"DB","DEN"
17043,"Jordan Sullen",4500,"DB","DEN"
17052,"Lou Young",4500,"DB","DEN"
14997,"Omar Bolden",4500,"SS","DEN"
12638,"David Bruton",4500,"SS","DEN"
14091,"Quinton Carter",4500,"SS","DEN"
15190,"Duke Ihenacho",4500,"SS","DEN"
14050,"Rahim Moore",4500,"FS","DEN"
13304,"T.J. Ward",4500,"SS","DEN"
11122,"Matt Prater",4500,"PK","DEN"
16339,"Brandon McManus",4500,"PK","DEN"
12773,"Britton Colquitt",4500,"P","DEN"
16252,"Tyler Bray",4500,"QB","KC"
12471,"Chase Daniel",4500,"QB","KC"
17021,"Aaron Murray",4500,"QB","KC"
8416,"Alex Smith",4500,"QB","KC"
11307,"Jamaal Charles",4500,"RB","KC"
15832,"Knile Davis",4500,"RB","KC"
14897,"Cyrus Gray",4500,"RB","KC"
13209,"Joe McKnight",4500,"RB","KC"
16945,"De'Anthony Thomas",4500,"RB","KC"
14135,"Anthony Sherman",4500,"FB","KC"
11267,"Donnie Avery",4500,"WR","KC"
10467,"Dwayne Bowe",4500,"WR","KC"
17284,"Charcandrick West",4500,"RB","KC"
16260,"Frankie Hammond Jr.",4500,"WR","KC"
15029,"Junior Hemingway",4500,"WR","KC"
14947,"A.J. Jenkins",4500,"WR","KC"
16683,"Fred Williams",4500,"WR","KC"
13488,"Kyle Williams",4500,"WR","KC"
9639,"Anthony Fasano",4500,"TE","KC"
14211,"Richard Gordon",4500,"TE","KC"
16141,"Mark Harrison",4500,"WR","KC"
16318,"Demetrius Harris",4500,"TE","KC"
15847,"Travis Kelce",4500,"TE","KC"
10183,"Thomas Gafford",4500,"C","KC"
14013,"Rodney Hudson",4500,"C","KC"
16035,"Eric Kush",4500,"C","KC"
16958,"Laurent Duvernay-Tardif",4500,"OT","KC"
15790,"Eric Fisher",4500,"OT","KC"
10514,"Ryan Harris",4500,"OT","KC"
11343,"Mike McGlynn",4500,"OT","KC"
13003,"Ryan McKee",4500,"OT","KC"
14956,"Donald Stephenson",4500,"OT","KC"
13483,"J'Marcus Webb",4500,"OT","KC"
14990,"Jeff Allen",4500,"OG","KC"
16923,"Zach Fulton",4500,"OG","KC"
14261,"Ricky Henry",4500,"OG","KC"
13751,"Jeffrey Linkenbach",4500,"OG","KC"
14020,"Allen Bailey",4500,"DE","KC"
15944,"Mike Catapano",4500,"DE","KC"
10763,"Mike DeVito",4500,"DE","KC"
15005,"Jaye Howard",4500,"DT","KC"
15286,"Dominique Hamilton",4500,"DT","KC"
13608,"Kyle Love",4500,"DT","KC"
14939,"Dontari Poe",4500,"DT","KC"
17422,"Kona Schwenke",4500,"DT","KC"
12448,"Vance Walker",4500,"DT","KC"
9606,"Tamba Hali",4500,"LB","KC"
14048,"Justin Houston",4500,"LB","KC"
8430,"Derrick Johnson",4500,"LB","KC"
16384,"Alonzo Highsmith",4500,"LB","KC"
15032,"James-Michael Johnson",4500,"LB","KC"
16707,"Dee Ford",4500,"LB","KC"
15982,"Nico Johnson",4500,"LB","KC"
16268,"Josh Martin",4500,"LB","KC"
11434,"Joe Mays",4500,"LB","KC"
15272,"Dezman Moses",4500,"LB","KC"
13779,"Frank Zombo",4500,"LB","KC"
15913,"Sanders Commings",4500,"CB","KC"
15888,"Marcus Cooper",4500,"CB","KC"
16750,"Phillip Gaines",4500,"CB","KC"
14297,"Ron Parker",4500,"CB","KC"
12713,"Chris Owens",4500,"CB","KC"
12430,"Sean Smith",4500,"CB","KC"
13527,"Jonathon Amaya",4500,"DB","KC"
16604,"Malcolm Bronson",4500,"DB","KC"
15305,"Kelcie McCray",4500,"","TB"
14071,"Justin Rogers",4500,"DB","KC"
17259,"Daniel Sorensen",4500,"DB","KC"
14022,"DeMarcus Van Dyke",4500,"DB","KC"
11910,"Husain Abdullah",4500,"SS","KC"
13252,"Eric Berry",4500,"SS","KC"
12731,"Ryan Succop",4500,"PK","KC"
17427,"Cairo Santos",4500,"PK","KC"
8513,"Dustin Colquitt",4500,"P","KC"
16757,"Derek Carr",4500,"QB","OAK"
16593,"Matt McGloin",4500,"QB","OAK"
5615,"Matt Schaub",4500,"QB","OAK"
17396,"George Atkinson III",4500,"RB","OAK"
9646,"Maurice Jones-Drew",4500,"RB","OAK"
11238,"Darren McFadden",4500,"RB","OAK"
15920,"Latavius Murray",4500,"RB","OAK"
15653,"Jamize Olawale",4500,"RB","OAK"
12521,"Kory Sheets",4500,"RB","OAK"
17376,"Karl Williams",4500,"RB","OAK"
11717,"Marcel Reece",4500,"FB","OAK"
15572,"Jeremy Stewart",4500,"FB","OAK"
15896,"Brice Butler",4500,"WR","OAK"
14403,"Andre Holmes",4500,"WR","OAK"
16520,"Greg Jenkins",4500,"WR","OAK"
10522,"James Jones",4500,"WR","OAK"
14024,"Greg Little",4500,"WR","OAK"
14153,"Denarius Moore",4500,"WR","OAK"
15391,"Rod Streater",4500,"WR","OAK"
17402,"Seth Roberts",4500,"WR","OAK"
14102,"David Ausberry",4500,"TE","OAK"
15962,"Nick Kasa",4500,"TE","OAK"
16265,"Brian Leonhardt",4500,"TE","OAK"
17393,"Jake Murphy",4500,"TE",
17391,"Scott Simonson",4500,"TE",
9276,"Jon Condo",4500,"C","OAK"
169,"Stefen Wisniewski",4500,"C","OAK"
8466,"Khalif Barnes",4500,"OT","OAK"
13585,"Austin Howard",4500,"OT","OAK"
15519,"Jack Cornell",4500,"OT",
17383,"Danny Kistler",4500,"OT",
17375,"Erle Ladson",4500,"OT",
15923,"Mychal Rivera",4500,"TE","OAK"
15013,"Matt McCants",4500,"OT","OAK"
10062,"Donald Penn",4500,"OT","OAK"
14976,"Tony Bergstrom",4500,"OG","OAK"
9762,"Kevin Boothe",4500,"OG","OAK"
16753,"Gabe Jackson",4500,"OG","OAK"
14738,"Jarrod Shaw",4500,"OG",
17447,"Denico Autry",4500,"DE",
15090,"Jack Crawford",4500,"DE",
16837,"Shelby Harris",4500,"DE","OAK"
16531,"Ryan Robinson",4500,"DE",
5660,"Antonio Smith",4500,"DE","OAK"
13491,"C.J. Wilson",4500,"DE","OAK"
10490,"LaMarr Woodley",4500,"DE","OAK"
16857,"Justin Ellis",4500,"DT","OAK"
14282,"Ricky Lumpkin",4500,"DT",
15906,"Stacy McGee",4500,"DT","OAK"
8488,"Justin Tuck",4500,"DE","OAK"
11311,"Pat Sims",4500,"DT","OAK"
15324,"Kaelin Burnett",4500,"LB","OAK"
15006,"Miles Burris",4500,"LB","OAK"
17389,"Carlos Fields",4500,"LB",
16710,"Khalil Mack",4500,"LB","OAK"
12687,"Kaluka Maiava",4500,"LB","OAK"
15859,"Sio Moore",4500,"LB","OAK"
10856,"Nick Roach",4500,"LB","OAK"
16808,"T.J. Carrie",4500,"CB","OAK"
15794,"D.J. Hayden",4500,"CB","OAK"
16940,"Keith McGill",4500,"CB","OAK"
8424,"Carlos Rogers",4500,"CB","OAK"
13310,"Larry Asante",4500,"DB","OAK"
10590,"Tarell Brown",4500,"CB","OAK"
16513,"Chance Casey",4500,"DB",
14107,"Chimdi Chekwa",4500,"DB","OAK"
14167,"Taiwan Jones",4500,"DB","OAK"
15535,"Neiko Thorpe",4500,"DB","OAK"
16918,"Jonathan Dowling",4500,"S","OAK"
11334,"Tyvon Branch",4500,"SS","OAK"
14697,"Brandian Ross",4500,"SS",
10510,"Usama Young",4500,"SS","OAK"
1442,"Charles Woodson",4500,"FS","OAK"
2148,"Sebastian Janikowski",4500,"PK","OAK"
15245,"Giorgio Tavecchio",4500,"PK",
15389,"Marquette King",4500,"P","OAK"
9635,"Kellen Clemens",4500,"QB","SD"
5529,"Philip Rivers",4500,"QB","SD"
16015,"Brad Sorensen",4500,"QB",
12489,"Donald Brown",4500,"RB","SD"
13204,"Ryan Mathews",4500,"RB","SD"
11788,"Danny Woodhead",4500,"RB","SD"
13524,"Seyi Ajirotutu",4500,"WR","SD"
15818,"Keenan Allen",4500,"WR","SD"
16962,"Torrence Allen",4500,"WR",
14027,"Vincent Brown",4500,"WR",
6016,"Malcom Floyd",4500,"WR","SD"
17005,"Javontee Herndon",4500,"WR",
14269,"Dontrelle Inman",4500,"WR","SD"
16824,"Tevin Reese",4500,"WR",
11276,"Eddie Royal",4500,"WR","SD"
5362,"Antonio Gates",4500,"TE","SD"
14904,"Ladarius Green",4500,"TE","SD"
12506,"David Johnson",4500,"TE","SD"
12550,"John Phillips",4500,"TE","SD"
5591,"Nick Hardwick",4500,"C","SD"
13777,"Mike Windt",4500,"C","SD"
11464,"King Dunlap",4500,"OT","SD"
15792,"D.J. Fluker",4500,"OT","SD"
15573,"Mike Harris",4500,"OT",
14447,"Willie Smith",4500,"OT","SD"
9773,"Jeromey Clary",4500,"OG","SD"
12711,"Rich Ohrnberger",4500,"OG","SD"
17040,"Jeremiah Sirles",4500,"OT",
14460,"Kenny Wiggins",4500,"OT",
11330,"Chad Rinehart",4500,"OG","SD"
15027,"Johnnie Troutman",4500,"OG","SD"
16754,"Chris Watt",4500,"OG","SD"
16017,"Joe Kruger",4500,"DE",
15580,"Cordarro Law",4500,"DE",
13989,"Corey Liuget",4500,"DE","SD"
17024,"Tenny Palepoi",4500,"DE","SD"
14953,"Kendall Reyes",4500,"DE","SD"
14348,"Damik Scafe",4500,"DE","SD"
16851,"Ryan Carrethers",4500,"DT","SD"
14185,"Lawrence Guy",4500,"DT","SD"
16067,"Kwame Geathers",4500,"DT","SD"
13406,"Sean Lissemore",4500,"DT","SD"
17046,"Ricky Tjong-A-Tjoe",4500,"DT","SD"
13495,"Doug Worthington",4500,"DT",
14672,"Victor Aiyewa",4500,"LB",
16761,"Jeremiah Attaochu",4500,"LB","SD"
13342,"Kavell Conner",4500,"LB","SD"
3539,"Dwight Freeney",4500,"LB","SD"
14141,"Andrew Gachkar",4500,"LB","SD"
14926,"Melvin Ingram",4500,"LB","SD"
4567,"Jarret Johnson",4500,"LB","SD"
14796,"Thomas Keiser",4500,"LB",
17035,"Alvin Scioneaux",4500,"LB","SD"
15867,"Manti Te'o",4500,"LB","SD"
17047,"Colton Underwood",4500,"LB",
12905,"Reggie Walker",4500,"LB","SD"
16000,"Tourek Williams",4500,"LB","SD"
13324,"Crezdon Butler",4500,"CB",
9644,"Richard Marshall",4500,"CB","SD"
16726,"Jason Verrett",4500,"CB","SD"
15883,"Steve Williams",4500,"CB","SD"
14010,"Shareece Wright",4500,"CB","SD"
16039,"Jahleel Addae",4500,"DB","SD"
16054,"Marcus Cromartie",4500,"DB","SD"
16985,"Alden Darby",4500,"DB",
11269,"Brandon Flowers",4500,"DB","SD"
13465,"Darrell Stuckey",4500,"DB","SD"
14018,"Marcus Gilchrist",4500,"SS","SD"
10481,"Eric Weddle",4500,"FS","SD"
9329,"Nick Novak",4500,"PK","SD"
4607,"Mike Scifres",4500,"P","SD"
4459,"Carson Palmer",4500,"QB","ARI"
10487,"Drew Stanton",4500,"QB","ARI"
16813,"Logan Thomas",4500,"QB","ARI"
13206,"Jonathan Dwyer",4500,"RB","ARI"
15893,"Andre Ellington",4500,"RB","ARI"
14266,"Robert Hughes",4500,"RB","ARI"
11410,"Jalen Parmele",4500,"RB",
17109,"Zach Bauman",4500,"RB",
15981,"Stepfan Taylor",4500,"RB","ARI"
16172,"Jaron Brown",4500,"WR","ARI"
16804,"John Brown",4500,"WR","ARI"
16173,"Dan Buckner",4500,"WR",
5528,"Larry Fitzgerald",4500,"WR","ARI"
14908,"Michael Floyd",4500,"WR","ARI"
15564,"Brittan Golden",4500,"WR",
16871,"Walt Powell",4500,"WR","ARI"
13922,"Teddy Williams",4500,"WR",
11272,"John Carlson",4500,"TE","ARI"
15773,"Darren Fells",4500,"TE","ARI"
14872,"Andre Hardy",4500,"TE",
14009,"Rob Housler",4500,"TE","ARI"
16797,"Troy Niklas",4500,"TE","ARI"
15093,"Philip Blake",4500,"C",
13361,"John Estes",4500,"C",
10453,"Ted Ginn Jr.",4500,"WR","ARI"
11075,"Lyle Sendlein",4500,"C","ARI"
17225,"Kelvin Palmer",4500,"OT",
15020,"Nate Potter",4500,"OT",
15096,"Bobby Massie",4500,"OT","ARI"
15284,"Bradley Sowell",4500,"OT","ARI"
15787,"Jonathan Cooper",4500,"OG","ARI"
12651,"Paul Fanaika",4500,"OG","ARI"
13403,"Ted Larsen",4500,"OG","ARI"
17260,"Anthony Steen",4500,"OG",
15901,"Earl Watford",4500,"OG","ARI"
11284,"Calais Campbell",4500,"DE","ARI"
5589,"Darnell Dockett",4500,"DE","ARI"
5968,"Tommy Kelly",4500,"DE","ARI"
16764,"Kareem Martin",4500,"DE","ARI"
9677,"Frostee Rucker",4500,"DE","ARI"
16840,"Ed Stinson",4500,"DE","ARI"
17155,"Bruce Gaston",4500,"DT",
5629,"Isaac Sopoaga",4500,"DT",
15101,"Alameda Ta'amu",4500,"DT","ARI"
16537,"Christian Tupou",4500,"DT",
13235,"Dan Williams",4500,"DT","ARI"
2144,"John Abraham",4500,"LB","ARI"
14152,"Sam Acho",4500,"LB","ARI"
9424,"Lorenzo Alexander",4500,"LB","ARI"
12956,"Marcus Benard",4500,"LB",
10635,"Desmond Bishop",4500,"LB","ARI"
17123,"Glenn Carson",4500,"LB","ARI"
16181,"Kenny Demens",4500,"LB","ARI"
15856,"Kevin Minter",4500,"LB","ARI"
15976,"Alex Okafor",4500,"LB","ARI"
12440,"Matt Shaughnessy",4500,"LB","ARI"
13475,"Adrian Tracy",4500,"LB",
13305,"Daryl Washington",4500,"LB","ARI"
15089,"Justin Bethel",4500,"CB","ARI"
9605,"Antonio Cromartie",4500,"CB","ARI"
12714,"Jerraud Powers",4500,"CB","ARI"
17015,"Jimmy Legree",4500,"DB",
3656,"Larry Foote",4500,"LB","ARI"
13980,"Patrick Peterson",4500,"CB","ARI"
13609,"Bryan McCann",4500,"DB",
12734,"Curtis Taylor",4500,"DB",
16723,"Deone Bucannon",4500,"SS","ARI"
16195,"Tony Jefferson",4500,"FS","ARI"
12674,"Rashad Johnson",4500,"FS","ARI"
15851,"Tyrann Mathieu",4500,"FS","ARI"
14315,"Anthony Walters",4500,"FS",
16976,"Chandler Catanzaro",4500,"PK","ARI"
3640,"Dave Zastudil",4500,"P","ARI"
13987,"Blaine Gabbert",4500,"QB","SF"
11394,"Josh Johnson",4500,"QB","SF"
14001,"Colin Kaepernick",4500,"QB","SF"
8479,"Frank Gore",4500,"RB","SF"
14159,"Kendall Hunter",4500,"RB","SF"
16777,"Carlos Hyde",4500,"RB","SF"
14890,"LaMichael James",4500,"RB","SF"
13642,"Alfonso Smith",4500,"RB",
14083,"Bruce Miller",4500,"FB","SF"
13913,"Will Tukuafu",4500,"FB","SF"
4512,"Anquan Boldin",4500,"WR","SF"
12563,"Michael Crabtree",4500,"WR","SF"
16946,"Bruce Ellington",4500,"WR","SF"
16462,"Chuck Jacobs",4500,"WR","SF"
11458,"Stevie Johnson",4500,"WR","SF"
4582,"Brandon Lloyd",4500,"WR","SF"
5437,"Kassim Osgood",4500,"WR",
16026,"Quinton Patton",4500,"WR","SF"
17307,"L'Damian Washington",4500,"WR",
15403,"Derek Carrier",4500,"TE","SF"
15204,"Garrett Celek",4500,"TE","SF"
17125,"Asante Cleveland",4500,"TE",
9592,"Vernon Davis",4500,"TE","SF"
14377,"Demarcus Dobbs",4500,"TE","SF"
15853,"Vance McDonald",4500,"TE","SF"
17144,"Dillon Farrell",4500,"C","SF"
16788,"Marcus Martin",4500,"C","SF"
16361,"Kevin McDermott",4500,"C",
15892,"Carter Bykowski",4500,"OT",
13253,"Anthony Davis",4500,"OT","SF"
17150,"Fou Fonoti",4500,"OT","SF"
17233,"Michael Philipp",4500,"OT",
14975,"Jonathan Martin",4500,"OT","SF"
10472,"Joe Staley",4500,"OT","SF"
13246,"Mike Iupati",4500,"OG","SF"
14110,"Daniel Kilgore",4500,"OG","SF"
15171,"Al Netter",4500,"OG",
15898,"Ryan Seymour",4500,"OG",
8508,"Adam Snyder",4500,"OG",
15829,"Tank Carradine",4500,"DE","SF"
16028,"Quinton Dial",4500,"DE","SF"
15430,"Tony Jerod-Eddie",4500,"DE","SF"
10541,"Ray McDonald",4500,"DE","SF"
16155,"Lawrence Okoye",4500,"DE",
2552,"Justin Smith",4500,"DE","SF"
11239,"Glenn Dorsey",4500,"DT","SF"
16807,"Kaleb Ramsey",4500,"DT","SF"
16377,"Mike Purcell",4500,"DT",
14461,"Ian Williams",4500,"DT","SF"
13262,"NaVorro Bowman",4500,"LB","SF"
16748,"Chris Borland",4500,"LB","SF"
10138,"Ahmad Brooks",4500,"LB","SF"
15849,"Corey Lemonier",4500,"LB","SF"
16941,"Aaron Lynch",4500,"LB","SF"
17251,"Shayne Skov",4500,"LB",
12932,"Dan Skuta",4500,"LB","SF"
13988,"Aldon Smith",4500,"LB","SF"
16165,"Chase Thomas",4500,"LB",
14859,"Michael Wilhoite",4500,"LB","SF"
10455,"Patrick Willis",4500,"LB","SF"
16914,"Kenneth Acker",4500,"CB","SF"
13681,"Tramaine Brock",4500,"CB","SF"
13268,"Chris Cook",4500,"CB","SF"
13344,"Perrish Cox",4500,"DB","SF"
14044,"Chris Culliver",4500,"DB","SF"
16893,"Dontae Johnson",4500,"DB","SF"
17212,"James McCray",4500,"DB","SF"
16367,"Darryl Morris",4500,"DB",
12903,"C.J. Spillman",4500,"DB",
9381,"Ray Ventrone",4500,"DB",
9793,"Antoine Bethea",4500,"SS","SF"
10785,"Craig Dahl",4500,"SS","SF"
16717,"Jimmie Ward",4500,"SS","SF"
15809,"Eric Reid",4500,"FS","SF"
1440,"Phil Dawson",4500,"PK","SF"
5713,"Andy Lee",4500,"P","SF"
16623,"Colton Schmidt",4500,"","SF"
15899,"B.J. Daniels",4500,"QB",
9650,"Tarvaris Jackson",4500,"QB","SEA"
14881,"Russell Wilson",4500,"QB","SEA"
17486,"Demitrius Bronson",4500,"RB",
10456,"Marshawn Lynch",4500,"RB","SEA"
15855,"Christine Michael",4500,"RB","SEA"
14894,"Robert Turbin",4500,"RB","SEA"
16020,"Spencer Ware",4500,"RB",
16939,"Kiero Small",4500,"FB",
15351,"Derrick Coleman",4500,"FB","SEA"
14221,"Doug Baldwin",4500,"WR","SEA"
16618,"Arceto Clark",4500,"WR",
14681,"David Gilreath",4500,"WR","SEA"
15554,"Phil Bates",4500,"WR","SEA"
12569,"Percy Harvin",4500,"WR","SEA"
15428,"Jermaine Kearse",4500,"WR","SEA"
14280,"Ricardo Lockette",4500,"WR","SEA"
16841,"Kevin Norwood",4500,"WR","SEA"
13662,"Bryan Walters",4500,"WR",
16781,"Paul Richardson",4500,"WR","SEA"
17423,"Rashaun Allen",4500,"TE",
15670,"Cooper Helfet",4500,"TE","SEA"
13414,"Anthony McCoy",4500,"TE","SEA"
10482,"Zach Miller",4500,"TE","SEA"
16121,"Luke Willson",4500,"TE","SEA"
13573,"Clint Gresham",4500,"C","SEA"
13509,"Lemuel Jeanpierre",4500,"C","SEA"
16557,"Patrick Lewis",4500,"C",
12624,"Max Unger",4500,"C","SEA"
16044,"Alvin Bailey",4500,"OT","SEA"
16742,"Justin Britt",4500,"OT","SEA"
16997,"Garry Gilliam",4500,"OT","SEA"
16314,"Caylin Hauptmann",4500,"OT",
13242,"Russell Okung",4500,"OT","SEA"
9652,"Eric Winston",4500,"OT",
13993,"James Carpenter",4500,"OG","SEA"
12880,"C.J. Davis",4500,"OG","SEA"
17443,"Nathan Isles",4500,"OG",
15025,"J.R. Sweezy",4500,"OG","SEA"
11326,"Cliff Avril",4500,"DE","SEA"
12762,"Michael Bennett",4500,"DE","SEA"
16873,"Cassius Marsh",4500,"DE","SEA"
16528,"Benson Mayowa",4500,"DE",
13449,"O'Brien Schofield",4500,"DE","SEA"
15120,"Greg Scruggs",4500,"DE","SEA"
6989,"Michael Brooks",4500,"DT","SEA"
15843,"Jordan Hill",4500,"DT","SEA"
10031,"Tony McDaniel",4500,"DT","SEA"
10529,"Brandon Mebane",4500,"DT","SEA"
13296,"D'Anthony Smith",4500,"DT","SEA"
16822,"Jimmy Staten",4500,"DT",
16029,"Jesse Williams",4500,"DT","SEA"
4467,"Kevin Williams",4500,"DT","SEA"
16983,"Brock Coyle",4500,"LB","SEA"
9359,"Heath Farwell",4500,"LB","SEA"
14946,"Bruce Irvin",4500,"LB","SEA"
17458,"Horace Miller",4500,"LB","SEA"
14292,"Mike Morgan",4500,"LB","SEA"
16888,"Kevin Pierre-Louis",4500,"LB","SEA"
14214,"Malcolm Smith",4500,"LB","SEA"
16676,"Mike Taylor",4500,"LB","SEA"
14979,"Bobby Wagner",4500,"LB","SEA"
15112,"Korey Toomer",4500,"LB",
14140,"K.J. Wright",4500,"LB","SEA"
13308,"Phillip Adams",4500,"CB",
13591,"A.J. Jefferson",4500,"CB","SEA"
15087,"Jeremy Lane",4500,"CB","SEA"
14086,"Richard Sherman",4500,"CB","SEA"
16510,"Akeem Auguste",4500,"DB",
16021,"Tharold Simon",4500,"CB","SEA"
15544,"Terrance Parks",4500,"DB",
15419,"DeShawn Shead",4500,"DB","SEA"
16450,"Steven Terrell",4500,"DB",
13336,"Kam Chancellor",4500,"SS","SEA"
14133,"Byron Maxwell",4500,"CB","SEA"
14274,"Jeron Johnson",4500,"SS","SEA"
13251,"Earl Thomas",4500,"FS","SEA"
11923,"Steven Hauschka",4500,"PK","SEA"
10238,"Jon Ryan",4500,"P","SEA"
13197,"Sam Bradford",4500,"QB","STL"
15187,"Austin Davis",4500,"QB","STL"
16809,"Garrett Gilbert",4500,"QB",
16055,"Benjamin Cunningham",4500,"RB","STL"
16784,"Tre Mason",4500,"RB","STL"
14888,"Isaiah Pead",4500,"RB","STL"
14820,"Chase Reynolds",4500,"RB","STL"
4260,"Shaun Hill",4500,"QB","STL"
17282,"Trey Watts",4500,"RB","STL"
15786,"Tavon Austin",4500,"WR","STL"
15822,"Stedman Bailey",4500,"WR","STL"
16300,"Emory Blake",4500,"WR",
12556,"Kenny Britt",4500,"WR","STL"
15078,"Chris Givens",4500,"WR","STL"
17152,"Austin Franklin",4500,"WR",
14914,"Brian Quick",4500,"WR","STL"
16607,"Justin Veltung",4500,"WR",
17110,"Alex Bayer",4500,"TE","STL"
12537,"Jared Cook",4500,"TE","STL"
14805,"Mason Brodine",4500,"TE","STL"
15226,"Cory Harkey",4500,"TE","STL"
15991,"Justice Cunningham",4500,"TE","STL"
14007,"Lance Kendricks",4500,"TE","STL"
15055,"Brad Smelley",4500,"TE",
14517,"Tim Barnes",4500,"C","STL"
14676,"Jake McQuaide",4500,"C","STL"
16954,"Demetrius Rhaney",4500,"C","STL"
5776,"Scott Wells",4500,"C","STL"
14030,"Joe Barksdale",4500,"OT","STL"
16577,"Sean Hooey",4500,"OT",
11234,"Jake Long",4500,"OT","STL"
14070,"Mike Person",4500,"OT","STL"
7439,"Greg Robinson",4500,"OT","STL"
16935,"Mitchell Van Dyk",4500,"OT",
15961,"Travis Bond",4500,"OG",
15908,"Barrett Jones",4500,"OG","STL"
9609,"Davin Joseph",4500,"OG","STL"
13294,"Rodger Saffold",4500,"OG","STL"
15094,"Brandon Washington",4500,"OG",
15177,"Kourtnei Brown",4500,"DE",
13266,"Alex Carrington",4500,"DE","STL"
11337,"William Hayes",4500,"DE","STL"
11236,"Chris Long",4500,"DE","STL"
13984,"Robert Quinn",4500,"DE","STL"
16829,"Michael Sam",4500,"DE",
13457,"Eugene Sims",4500,"DE","STL"
14944,"Michael Brockers",4500,"DT","STL"
15142,"Matthew Conrath",4500,"DT",
16716,"Aaron Donald",4500,"DT","STL"
11300,"Kendall Langford",4500,"DT","STL"
17166,"Deantre Harlan",4500,"DT",
17285,"Ethan Westbrooks",4500,"DT","STL"
16463,"Ray-Ray Armstrong",4500,"LB","STL"
16299,"Daren Bates",4500,"LB","STL"
11693,"Jo-Lonn Dunbar",4500,"LB","STL"
17170,"Aaron Hill",4500,"LB",
12454,"James Laurinaitis",4500,"LB","STL"
15806,"Alec Ogletree",4500,"LB","STL"
16492,"Etienne Sabino",4500,"LB",
15137,"Pat Schiller",4500,"LB","STL"
16466,"Phillip Steward",4500,"LB",
14081,"Lawrence Wilson",4500,"LB",
16898,"E.J. Gaines",4500,"CB","STL"
14974,"Janoris Jenkins",4500,"CB","STL"
14989,"Trumaine Johnson",4500,"CB","STL"
15949,"Brandon McGee",4500,"CB","STL"
16769,"Lamarcus Joyner",4500,"CB","STL"
17241,"Marcus Roberson",4500,"CB","STL"
17135,"Avery Cunningham",4500,"DB",
16286,"Cody Davis",4500,"DB","STL"
16696,"Greg Reid",4500,"DB",
16122,"Darren Woodard",4500,"DB",
16937,"Maurice Alexander",4500,"SS","STL"
15852,"T.J. McDonald",4500,"SS","STL"
15222,"Rodney McLeod",4500,"FS","STL"
15153,"John Hekker",4500,"P","STL"
14993,"Greg Zuerlein",4500,"PK","STL"
11252,"Joe Flacco",4500,"QB","BAL"
14163,"Tyrod Taylor",4500,"QB","BAL"
16915,"Keith Wenning",4500,"QB",
14094,"Shaun Chapas",4500,"RB",
11467,"Justin Forsett",4500,"RB","BAL"
14891,"Bernard Pierce",4500,"RB","BAL"
16002,"Kyle Juszczyk",4500,"RB","BAL"
11289,"Ray Rice",4500,"RB","BAL"
16950,"Lorenzo Taliaferro",4500,"RB","BAL"
17465,"Fitzgerald Toussaint",4500,"RB",
14583,"Kamar Aiken",4500,"WR","BAL"
16581,"Marlon Brown",4500,"WR","BAL"
17122,"Jeremy Butler",4500,"WR","BAL"
16832,"Michael Campanaro",4500,"WR","BAL"
10517,"Jacoby Jones",4500,"WR","BAL"
14032,"Torrey Smith",4500,"WR","BAL"
2622,"Steve Smith Sr.",4500,"WR","BAL"
15503,"Deonte Thompson",4500,"WR","BAL"
9684,"Owen Daniels",4500,"TE","BAL"
16775,"Crockett Gillmore",4500,"TE","BAL"
13231,"Dennis Pitta",4500,"TE","BAL"
15257,"Phillip Supernaw",4500,"TE",
13848,"Morgan Cox",4500,"C","BAL"
14999,"Gino Gradkowski",4500,"C","BAL"
16038,"Ryan Jensen",4500,"C",
11317,"Jeremy Zuttah",4500,"C","BAL"
17161,"Parker Graham",4500,"OT",
17178,"James Hurst",4500,"OT","BAL"
12620,"Eugene Monroe",4500,"OT","BAL"
13999,"Jah Reid",4500,"OT","BAL"
17273,"Brett Van Sloten",4500,"OT","BAL"
14957,"Kelechi Osemele",4500,"OG","BAL"
12726,"A.Q. Shipley",4500,"OG",
16868,"John Urschel",4500,"OG","BAL"
10530,"Marshal Yanda",4500,"OG","BAL"
8546,"Chris Canty",4500,"DE","BAL"
15937,"Kapron Lewis-Moore",4500,"DE","BAL"
15059,"DeAngelo Tyson",4500,"DE","BAL"
16831,"Brent Urban",4500,"DE","BAL"
13267,"Terrence Cody",4500,"DT","BAL"
17214,"Jamie Meder",4500,"DT",
9598,"Haloti Ngata",4500,"DT","BAL"
17301,"A.J. Pataiali'i",4500,"DT",
15875,"Brandon Williams",4500,"DT","BAL"
15828,"Arthur Brown",4500,"LB","BAL"
14519,"Josh Bynes",4500,"LB","BAL"
9712,"Elvis Dumervil",4500,"LB","BAL"
13851,"Albert McClellan",4500,"LB","BAL"
14202,"Pernell McPhee",4500,"LB","BAL"
16720,"C.J. Mosley",4500,"LB","BAL"
16010,"John Simon",4500,"LB",
5564,"Daryl Smith",4500,"LB","BAL"
4468,"Terrell Suggs",4500,"LB","BAL"
14970,"Courtney Upshaw",4500,"LB","BAL"
15081,"Asa Jackson",4500,"CB","BAL"
13963,"Jimmy Smith",4500,"CB","BAL"
12747,"Lardarius Webb",4500,"CB","BAL"
17300,"Zach Orr",4500,"LB","BAL"
14113,"Chykie Brown",4500,"DB","BAL"
12646,"Derek Cox",4500,"DB",
13365,"Dominique Franks",4500,"DB",
17182,"Tramain Jacobs",4500,"DB",
13845,"Anthony Levine",4500,"DB","BAL"
17244,"Sammy Seamster",4500,"DB",
16419,"Brynden Trawick",4500,"DB","BAL"
13756,"Jeromy Miles",4500,"SS","BAL"
13645,"Darian Stewart",4500,"SS","BAL"
16768,"Terrence Brooks",4500,"FS","BAL"
15789,"Matt Elam",4500,"FS","BAL"
15683,"Justin Tucker",4500,"PK","BAL"
9789,"Sam Koch",4500,"P","BAL"
8440,"Jason Campbell",4500,"QB","CIN"
14012,"Andy Dalton",4500,"QB","CIN"
15826,"Giovani Bernard",4500,"RB","CIN"
16810,"AJ McCarron",4500,"QB",
15971,"Rex Burkhead",4500,"RB","CIN"
16803,"Jeremy Hill",4500,"RB","CIN"
12519,"Cedric Peerman",4500,"RB","CIN"
17288,"Nikita Whitlock",4500,"RB",
13983,"A.J. Green",4500,"WR","CIN"
15983,"Cobi Hamilton",4500,"WR",
15072,"Marvin Jones",4500,"WR","CIN"
17200,"Colin Lockett",4500,"WR",
14922,"Mohamed Sanu",4500,"WR","CIN"
14304,"Dane Sanzenbacher",4500,"WR","CIN"
12597,"Brandon Tate",4500,"WR","CIN"
16248,"Conner Vernon",4500,"WR","DET"
16922,"James Wright",4500,"WR","CIN"
14902,"Orson Charles",4500,"TE",
15788,"Tyler Eifert",4500,"TE","CIN"
13228,"Jermaine Gresham",4500,"TE","CIN"
17169,"Ryan Hewitt",4500,"TE","CIN"
8485,"Alex Smith",4500,"TE","CIN"
16876,"Russell Bodine",4500,"C","CIN"
10686,"Clark Harris",4500,"C","CIN"
15915,"T.J. Johnson",4500,"C","CIN"
15365,"Trevor Robinson",4500,"C",
17151,"Dan France",4500,"OT",
13428,"Marshall Newhouse",4500,"OT","CIN"
12622,"Andre Smith",4500,"OT","CIN"
8601,"Will Svitek",4500,"OT",
9641,"Andrew Whitworth",4500,"OT","CIN"
14178,"Clint Boling",4500,"OG","CIN"
15919,"Tanner Hawkinson",4500,"OG","CIN"
17172,"Trey Hopkins",4500,"OG","CIN"
11293,"Mike Pollak",4500,"OG","CIN"
14931,"Kevin Zeitler",4500,"OG","CIN"
16758,"Will Clarke",4500,"DE","CIN"
13274,"Carlos Dunlap",4500,"DE","CIN"
5642,"Robert Geathers",4500,"DE","CIN"
11809,"Wallace Gilberry",4500,"DE","CIN"
15844,"Margus Hunt",4500,"DE","CIN"
15905,"David King",4500,"DE",
15857,"Sam Montgomery",4500,"DE",
13311,"Geno Atkins",4500,"DT","CIN"
15103,"Christo Bilukidi",4500,"DT","CIN"
9709,"Domata Peko",4500,"DT","CIN"
14965,"Brandon Thompson",4500,"DT","CIN"
14963,"Devon Still",4500,"DT",
15246,"Vontaze Burfict",4500,"LB","CIN"
16256,"Jayson DiManche",4500,"LB","CIN"
15640,"Emmanuel Lamur",4500,"LB","CIN"
12455,"Rey Maualuga",4500,"LB","CIN"
14002,"Dontay Moch",4500,"LB",
15381,"J.K. Schaffer",4500,"LB","CIN"
13766,"Vincent Rey",4500,"LB","CIN"
15986,"Sean Porter",4500,"LB","CIN"
16718,"Darqueze Dennard",4500,"CB","CIN"
10462,"Leon Hall",4500,"CB","CIN"
8421,"Adam Jones",4500,"CB","CIN"
14940,"Dre Kirkpatrick",4500,"CB","CIN"
15713,"Chris Lewis-Harris",4500,"CB","CIN"
4463,"Terence Newman",4500,"CB","CIN"
16936,"Lavelle Westbrooks",4500,"CB",
16319,"Onterio McCalebb",4500,"DB",
15085,"George Iloka",4500,"SS","CIN"
15877,"Shawn Williams",4500,"SS","CIN"
13286,"Taylor Mays",4500,"FS","CIN"
10465,"Reggie Nelson",4500,"FS","CIN"
9628,"Danieal Manning",4500,"SS",
8461,"Mike Nugent",4500,"PK","CIN"
12669,"Kevin Huber",4500,"P","CIN"
4480,"Rex Grossman",4500,"QB","CLE"
12477,"Brian Hoyer",4500,"QB","CLE"
16736,"Johnny Manziel",4500,"QB","CLE"
17247,"Connor Shaw",4500,"QB",
17101,"Ray Agnew",4500,"RB","CLE"
17133,"Isaiah Crowell",4500,"RB","CLE"
14198,"Dion Lewis",4500,"RB",
12517,"Chris Ogbonnaya",4500,"RB",
13210,"Ben Tate",4500,"RB","CLE"
10147,"Miles Austin",4500,"WR","CLE"
16783,"Terrance West",4500,"RB","CLE"
15062,"Travis Benjamin",4500,"WR","CLE"
17437,"Taylor Gabriel",4500,"WR","CLE"
15705,"Josh Gordon",4500,"WR","CLE"
13958,"Andrew Hawkins",4500,"WR","CLE"
4529,"Nate Burleson",4500,"WR",
15885,"Charles Johnson",4500,"WR","CLE"
17194,"Jonathan Krause",4500,"WR","CLE"
13616,"Marlon Moore",4500,"WR","CLE"
17258,"Willie Snead",4500,"WR",
11364,"Gary Barnidge",4500,"TE","CLE"
14189,"Jordan Cameron",4500,"TE","CLE"
13357,"Jim Dray",4500,"TE","CLE"
16323,"MarQueis Gray",4500,"TE",
14308,"Andre Smith",4500,"TE","CLE"
16347,"Emmanuel Ogbuehi",4500,"TE",
12616,"Alex Mack",4500,"C","CLE"
14465,"Christian Yount",4500,"C","CLE"
15975,"Michael Bowie",4500,"OT","CLE"
16740,"Joel Bitonio",4500,"OT","CLE"
16006,"Reid Fragel",4500,"OT",
9655,"Paul McQuistan",4500,"OT","CLE"
17243,"Abasi Salimu",4500,"OT",
14951,"Mitchell Schwartz",4500,"OT","CLE"
10448,"Joe Thomas",4500,"OT","CLE"
16968,"Karim Barton",4500,"","PHI"
16329,"Martin Wallace",4500,"OT","CLE"
16032,"Garrett Gilkey",4500,"OG",
17003,"Donald Hawkins",4500,"OG",
13796,"Alex Parsons",4500,"OG",
16037,"Armonty Bryant",4500,"DE","CLE"
12949,"Desmond Bryant",4500,"DE","CLE"
14954,"John Hughes",4500,"DE","CLE"
11424,"Ahtyba Rubin",4500,"DE","CLE"
11299,"John Greco",4500,"OG","CLE"
15021,"Billy Winn",4500,"DE","CLE"
17108,"Calvin Barnett",4500,"DT",
15508,"Ishmaa'ily Kitchen",4500,"DT","CLE"
17410,"Jacobbi McDaniel",4500,"DT",
13968,"Phil Taylor",4500,"DT","CLE"
15014,"Tank Carder",4500,"LB","CLE"
5558,"Karlos Dansby",4500,"LB","CLE"
10661,"Zac Diles",4500,"LB",
16062,"Darius Eubanks",4500,"LB","CLE"
16767,"Christian Kirksey",4500,"LB","CLE"
16436,"Eric Martin",4500,"LB","CLE"
15805,"Barkevious Mingo",4500,"LB","CLE"
14860,"Craig Robertson",4500,"LB","CLE"
14036,"Jabaal Sheard",4500,"LB","CLE"
16328,"Justin Staples",4500,"LB",
13025,"Jamaal Westerman",4500,"LB",
15359,"Johnson Bademosi",4500,"CB","CLE"
16948,"Pierre Desir",4500,"CB","CLE"
16714,"Justin Gilbert",4500,"CB","CLE"
13249,"Joe Haden",4500,"CB","CLE"
15854,"Leon McFadden",4500,"CB",
14139,"Buster Skrine",4500,"CB","CLE"
15979,"Jordan Poyer",4500,"CB","CLE"
16312,"Josh Aubrey",4500,"DB",
13734,"Aaron Berry",4500,"DB","CLE"
9266,"Jim Leonhard",4500,"DB","CLE"
17416,"Robert Nelson",4500,"DB","CLE"
13947,"Isaiah Trufant",4500,"DB","CLE"
17444,"K'Waun Williams",4500,"DB","CLE"
9594,"Donte Whitner",4500,"SS","CLE"
15235,"Tashaun Gipson",4500,"FS","CLE"
4245,"Billy Cundiff",4500,"PK","CLE"
14342,"Spencer Lanning",4500,"P","CLE"
9780,"Bruce Gradkowski",4500,"QB","PIT"
15904,"Landry Jones",4500,"QB","PIT"
17011,"Brendon Kay",4500,"QB",
5536,"Ben Roethlisberger",4500,"QB","PIT"
15825,"Le'Veon Bell",4500,"RB","PIT"
13213,"LeGarrette Blount",4500,"RB","NE"
16755,"Dri Archer",4500,"RB","PIT"
17174,"Stephen Houston",4500,"RB",
13934,"Antonio Brown",4500,"WR","PIT"
16011,"Justin Brown",4500,"WR","PIT"
16886,"Martavis Bryant",4500,"WR","PIT"
12570,"Darrius Heyward-Bey",4500,"WR","PIT"
9400,"Lance Moore",4500,"WR","PIT"
15329,"Derek Moye",4500,"WR",
16287,"Lanear Sampson",4500,"WR",
15873,"Markus Wheaton",4500,"WR","PIT"
16855,"Rob Blanchflower",4500,"TE",
8444,"Heath Miller",4500,"TE","PIT"
13629,"Michael Palmer",4500,"TE","PIT"
15043,"David Paulson",4500,"TE",
10521,"Matt Spaeth",4500,"TE","PIT"
16846,"Wesley Johnson",4500,"C","PIT"
15256,"Bryce Davis",4500,"C",
13250,"Maurkice Pouncey",4500,"C","PIT"
11341,"Cody Wallace",4500,"C","PIT"
9306,"Greg Warren",4500,"C","PIT"
8133,"Mike Adams",4500,"OT","PIT"
15035,"Kelvin Beachum",4500,"OT","PIT"
13998,"Marcus Gilbert",4500,"OT","PIT"
9715,"Guy Whimper",4500,"OT",
14650,"Bryant Browning",4500,"OG","PIT"
14935,"David DeCastro",4500,"OG","PIT"
12883,"Ramon Foster",4500,"OG","PIT"
16076,"Chris Hubbard",4500,"OG","PIT"
13977,"Cameron Heyward",4500,"DE","PIT"
17039,"Will Simmons",4500,"OG",
3743,"Brett Keisel",4500,"DE","PIT"
17017,"Josh Mauro",4500,"DE",
17027,"Roy Philon",4500,"DE",
17004,"Ethan Hemer",4500,"DT",
16952,"Daniel McCullers",4500,"DT","PIT"
13470,"Cam Thomas",4500,"DT","PIT"
15882,"Nick Williams",4500,"DT",
14174,"Chris Carter",4500,"LB",
16457,"Terence Garvin",4500,"LB","PIT"
15799,"Jarvis Jones",4500,"LB","PIT"
17009,"Howard Jones",4500,"LB",
13422,"Arthur Moats",4500,"LB","PIT"
16096,"Dan Molls",4500,"LB",
16727,"Ryan Shazier",4500,"LB","PIT"
14972,"Sean Spence",4500,"LB","PIT"
10459,"Lawrence Timmons",4500,"LB","PIT"
15934,"Vince Williams",4500,"LB","PIT"
13306,"Jason Worilds",4500,"LB","PIT"
16874,"Jordan Zumwalt",4500,"LB","PIT"
14109,"Cortez Allen",4500,"CB","PIT"
10613,"William Gay",4500,"CB","PIT"
16798,"Stephon Tuitt",4500,"DT","PIT"
12690,"Brice McCain",4500,"CB","PIT"
16925,"Shaquille Richardson",4500,"CB",
4583,"Ike Taylor",4500,"CB","PIT"
15939,"B.W. Webb",4500,"CB","PIT"
15350,"Antwon Blake",4500,"DB","PIT"
15689,"Isaiah Green",4500,"DB",
17022,"Dayonne Nunley",4500,"DB",
15213,"Robert Golden",4500,"S","PIT"
13658,"Ross Ventrone",4500,"DB",
5636,"Will Allen",4500,"SS","PIT"
4474,"Troy Polamalu",4500,"SS","PIT"
15992,"Shamarko Thomas",4500,"SS","PIT"
12619,"Mike Mitchell",4500,"FS","PIT"
9361,"Shaun Suisham",4500,"PK","PIT"
16241,"Brad Wing",4500,"P","PIT"
13198,"Jimmy Clausen",4500,"QB","CHI"
9597,"Jay Cutler",4500,"QB","CHI"
14518,"Shaun Draughn",4500,"RB","CHI"
16942,"Ka'Deem Carey",4500,"RB","CHI"
17421,"Senorise Perry",4500,"RB","CHI"
12496,"Tony Fiammetta",4500,"FB","CHI"
15555,"Josh Bellamy",4500,"WR",
9611,"Santonio Holmes",4500,"WR","CHI"
14912,"Alshon Jeffery",4500,"WR","CHI"
9705,"Brandon Marshall",4500,"WR","CHI"
11408,"Josh Morgan",4500,"WR","CHI"
15255,"Dale Moss",4500,"WR",
10327,"Micheal Spurlock",4500,"WR","CHI"
16023,"Marquess Wilson",4500,"WR","CHI"
12934,"Chris Williams",4500,"WR",
11295,"Martellus Bennett",4500,"TE","CHI"
12699,"Zach Miller",4500,"TE","CHI"
11708,"Matthew Mulligan",4500,"TE","CHI"
10598,"Dante Rosario",4500,"TE","CHI"
14725,"Taylor Boggs",4500,"C",
12895,"Steve McLendon",4500,"DT","PIT"
11692,"Brian deLaPuente",4500,"C","CHI"
2648,"Roberto Garza",4500,"C","CHI"
10568,"Jermon Bushrod",4500,"OT","CHI"
16848,"Charles Leno",4500,"OT","CHI"
16004,"Jordan Mills",4500,"OT","CHI"
12611,"Eben Britton",4500,"OG",
17063,"Ryan Groy",4500,"OG",
15801,"Kyle Long",4500,"OG","CHI"
12728,"Matt Slauson",4500,"OG","CHI"
5651,"Jared Allen",4500,"DE","CHI"
16025,"David Bass",4500,"DE","CHI"
16680,"Michael Ola",4500,"OT","CHI"
13277,"Lamarr Houston",4500,"DE","CHI"
13402,"Austen Lane",4500,"DE",
15615,"Tracy Robertson",4500,"DE",
11403,"Trevor Scott",4500,"DE","CHI"
15914,"Cornelius Washington",4500,"DE","CHI"
13497,"Willie Young",4500,"DE","CHI"
17061,"Brandon Dunn",4500,"DT",
14049,"Stephen Paea",4500,"DT","CHI"
17084,"Lee Pegues",4500,"DT",
8638,"Jeremiah Ratliff",4500,"DT","CHI"
16778,"Ego Ferguson",4500,"DT","CHI"
16738,"Will Sutton",4500,"DT","CHI"
15827,"Jon Bostic",4500,"LB","CHI"
4526,"Lance Briggs",4500,"LB","CHI"
15194,"Jerry Franklin",4500,"LB",
15889,"Khaseem Greene",4500,"LB","CHI"
17070,"Christian Jones",4500,"LB","CHI"
17072,"DeDe Lattimore",4500,"LB",
14937,"Shea McClellin",4500,"LB","CHI"
5542,"D.J. Williams",4500,"LB","CHI"
16715,"Kyle Fuller",4500,"CB","CHI"
8474,"Kelvin Hayden",4500,"CB",
16144,"Demontre Hurst",4500,"CB","CHI"
9648,"Tim Jennings",4500,"CB","CHI"
13419,"Sherrick McManis",4500,"CB","CHI"
4493,"Charles Tillman",4500,"CB","CHI"
16168,"C.J. Wilson",4500,"CB",
17470,"Albert Louis-Jean",4500,"DB",
13611,"Danny McCray",4500,"SS","CHI"
14016,"Chris Conte",4500,"FS","CHI"
14530,"M.D. Jennings",4500,"FS",
11428,"Ryan Mundy",4500,"FS","CHI"
16906,"Brock Vereen",4500,"SS","CHI"
9354,"Robbie Gould",4500,"PK","CHI"
16863,"Pat O'Donnell",4500,"P","CHI"
14882,"Kellen Moore",4500,"QB","DET"
8559,"Dan Orlovsky",4500,"QB","DET"
12483,"Matthew Stafford",4500,"QB","DET"
13536,"Joique Bell",4500,"RB","DET"
9588,"Reggie Bush",4500,"RB","DET"
10057,"Montell Owens",4500,"RB","DET"
14052,"Mikel Leshoure",4500,"RB",
11517,"Jed Collins",4500,"FB","DET"
14919,"Ryan Broyles",4500,"WR","DET"
14095,"Kris Durham",4500,"WR",
15474,"Patrick Edwards",4500,"WR",
16014,"Corey Fuller",4500,"WR","DET"
10447,"Calvin Johnson",4500,"WR","DET"
16880,"TJ Jones",4500,"WR","DET"
12588,"Kevin Ogletree",4500,"WR","DET"
17025,"Andrew Peacock",4500,"WR",
14500,"Jeremy Ross",4500,"WR","DET"
13217,"Golden Tate",4500,"WR","DET"
16732,"Eric Ebron",4500,"TE","DET"
14903,"Michael Egnew",4500,"TE",
16330,"Joseph Fauria",4500,"TE","DET"
15600,"Emil Igwenagu",4500,"TE",
16705,"Jordan Thompson",4500,"TE",
12549,"Brandon Pettigrew",4500,"TE","DET"
8362,"Don Muhlbach",4500,"C","DET"
2598,"Dominic Raiola",4500,"C","DET"
16752,"Travis Swanson",4500,"C","DET"
10652,"Corey Hilliard",4500,"OT","DET"
17202,"Cornelius Lucas",4500,"OT","DET"
14930,"Riley Reiff",4500,"OT","DET"
12718,"Garrett Reynolds",4500,"OT",
16333,"LaAdrian Waddle",4500,"OT","DET"
15910,"Michael Williams",4500,"OT",
15464,"Rodney Austin",4500,"OG",
16523,"Darren Keyton",4500,"OG",
9714,"Rob Sims",4500,"OG","DET"
15870,"Larry Warford",4500,"OG","DET"
15785,"Ezekiel Ansah",4500,"DE","DET"
13812,"George Johnson",4500,"DE","DET"
11288,"Jason Jones",4500,"DE","DET"
9649,"Darryl Tapp",4500,"DE",
15916,"Devin Taylor",4500,"DE","DET"
16869,"Larry Webster",4500,"DE","DET"
13990,"Nick Fairley",4500,"DT","DET"
11321,"Andre Fluellen",4500,"DT",
8605,"C.J. Mosley",4500,"DT","DET"
16853,"Caraun Reid",4500,"DT","DET"
13519,"Jimmy Saddler-McQueen",4500,"DT",
13234,"Ndamukong Suh",4500,"DT","DET"
16009,"Brandon Hepburn",4500,"LB",
12682,"DeAndre Levy",4500,"LB","DET"
15011,"Travis Lewis",4500,"LB","DET"
13007,"Ashlee Palmer",4500,"LB","DET"
15373,"Julian Stanford",4500,"LB",
9702,"Stephen Tulloch",4500,"LB","DET"
15070,"Tahir Whitehead",4500,"LB","DET"
14980,"Bill Bentley",4500,"CB","DET"
15100,"Chris Greenwood",4500,"CB",
16772,"Kyle Van Noy",4500,"LB","DET"
16929,"Nevin Lawson",4500,"CB","DET"
4497,"Rashean Mathis",4500,"CB","DET"
15863,"Darius Slay",4500,"CB","DET"
13797,"Cassius Vaughn",4500,"CB","DET"
16982,"Jerome Couplin",4500,"DB","DET"
13005,"Nate Ness",4500,"DB",
17245,"Mohammed Seisay",4500,"DB",
12644,"Don Carey",4500,"SS","DET"
10749,"James Ihedigbo",4500,"SS","DET"
12716,"Glover Quin",4500,"SS","DET"
14466,"Isa Abdul-Quddus",4500,"FS","DET"
16823,"Nate Freese",4500,"PK","DET"
15928,"Sam Martin",4500,"P","DET"
11443,"Matt Flynn",4500,"QB","GB"
8439,"Aaron Rodgers",4500,"QB","GB"
14353,"Scott Tolzien",4500,"QB","GB"
14255,"DuJuan Harris",4500,"RB","GB"
16074,"Michael Hill",4500,"RB",
15848,"Eddie Lacy",4500,"RB","GB"
17221,"Rajion Neal",4500,"RB",
17232,"LaDarius Perkins",4500,"RB",
13214,"James Starks",4500,"RB","GB"
16836,"Jared Abbrederis",4500,"WR","GB"
16800,"Davante Adams",4500,"WR","GB"
15358,"Jarrett Boykin",4500,"WR","GB"
9530,"John Kuhn",4500,"FB","GB"
14053,"Randall Cobb",4500,"WR","GB"
15907,"Kevin Dorsey",4500,"WR",
16605,"Alex Gillett",4500,"WR",
16960,"Jeff Janis",4500,"WR","GB"
11270,"Jordy Nelson",4500,"WR","GB"
16569,"Myles White",4500,"WR",
15688,"Brandon Bostick",4500,"TE","GB"
17231,"Justin Perillo",4500,"TE",
16786,"Richard Rodgers",4500,"TE","GB"
16493,"Jake Stoneburner",4500,"TE",
13440,"Andrew Quarless",4500,"TE","GB"
15174,"Garth Gerhart",4500,"C",
11229,"Brett Goode",4500,"C","GB"
16864,"Corey Linsley",4500,"C","GB"
14213,"Ryan Taylor",4500,"TE","GB"
15963,"David Bakhtiari",4500,"OT","GB"
15409,"Don Barclay",4500,"OT","GB"
16296,"Aaron Adams",4500,"OT",
13247,"Bryan Bulaga",4500,"OT","GB"
17330,"John Fullington",4500,"OT",
13972,"Derek Sherrod",4500,"OT","GB"
16001,"JC Tretter",4500,"OT","GB"
16686,"Jeremy Vujnovich",4500,"OT",
12680,"T.J. Lang",4500,"OG","GB"
17210,"Jordan McCray",4500,"OG",
16549,"Lane Taylor",4500,"OG","GB"
15098,"Andrew Tiller",4500,"OG",
15989,"Josh Boyd",4500,"DE","GB"
14994,"Mike Daniels",4500,"DE","GB"
17162,"Carlos Gray",4500,"DE",
15798,"Datone Jones",4500,"DE","GB"
3530,"Julius Peppers",4500,"DE","GB"
12447,"B.J. Raji",4500,"DE","GB"
11386,"Letroy Guion",4500,"DT","GB"
17411,"Luther Robinson",4500,"DE",
17230,"Mike Pennel",4500,"DT","GB"
15954,"Sam Barrington",4500,"LB","GB"
16756,"Khyri Thornton",4500,"DT","GB"
16926,"Carl Bradford",4500,"LB","GB"
17140,"Jake Doughty",4500,"LB",
16991,"Jayrone Elliott",4500,"LB","GB"
9591,"A.J. Hawk",4500,"LB","GB"
17175,"Adrian Hubbard",4500,"LB",
14597,"Jamari Lattimore",4500,"LB","GB"
12675,"Brad Jones",4500,"LB","GB"
12438,"Clay Matthews",4500,"LB","GB"
16560,"Andy Mulumba",4500,"LB","GB"
13291,"Mike Neal",4500,"LB","GB"
15930,"Nate Palmer",4500,"LB","GB"
14929,"Nick Perry",4500,"LB","GB"
17266,"Joe Thomas",4500,"LB",
10342,"Jarrett Bush",4500,"CB","GB"
16949,"Demetri Goodson",4500,"CB","GB"
14966,"Casey Hayward",4500,"CB","GB"
14157,"Davon House",4500,"CB","GB"
15960,"Micah Hyde",4500,"CB","GB"
13769,"Sam Shields",4500,"CB","GB"
5432,"Tramon Williams",4500,"CB","GB"
17379,"Tanner Miller",4500,"DB",
16219,"Jumal Rolle",4500,"DB",
17286,"Ryan White",4500,"DB",
15454,"Sean Richardson",4500,"S","GB"
15782,"Chris Banjo",4500,"SS",
13264,"Morgan Burnett",4500,"SS","GB"
16735,"Ha Ha Clinton-Dix",4500,"FS","GB"
10636,"Mason Crosby",4500,"PK","GB"
12998,"Tim Masthay",4500,"P","GB"
16728,"Teddy Bridgewater",4500,"QB","MIN"
8644,"Matt Cassel",4500,"QB","MIN"
13966,"Christian Ponder",4500,"QB","MIN"
14360,"Matt Asiata",4500,"RB","MIN"
15296,"Joe Banyard",4500,"RB",
16782,"Jerick McKinnon",4500,"RB","MIN"
10452,"Adrian Peterson",4500,"RB","MIN"
17097,"Dominique Williams",4500,"RB",
11369,"Jerome Felton",4500,"FB","MIN"
16366,"Zach Line",4500,"FB","MIN"
17055,"Kain Colter",4500,"WR",
9638,"Greg Jennings",4500,"WR","MIN"
17062,"Donte Foster",4500,"WR",
15807,"Cordarrelle Patterson",4500,"WR","MIN"
11280,"Jerome Simpson",4500,"WR","MIN"
16460,"Adam Thielen",4500,"WR","MIN"
14918,"Jarius Wright",4500,"WR","MIN"
16373,"Rodney Smith",4500,"WR","MIN"
15003,"Rhett Ellison",4500,"TE","MIN"
14054,"Kyle Rudolph",4500,"TE","MIN"
17013,"Zac Kerin",4500,"C",
11421,"John Sullivan",4500,"C","MIN"
14928,"Matt Kalil",4500,"OT","MIN"
6044,"Cullen Loeffler",4500,"C","MIN"
12615,"Phil Loadholt",4500,"OT","MIN"
15422,"Mike Remmers",4500,"OT",
17088,"Antonio Richardson",4500,"OT","MIN"
15924,"Jeff Baca",4500,"OG",
8621,"Joe Berger",4500,"OG","MIN"
13273,"Vladimir Ducasse",4500,"OG","MIN"
14208,"Brandon Fusco",4500,"OG","MIN"
9785,"Charlie Johnson",4500,"OG","MIN"
15317,"Josh Samuda",4500,"OG","MIN"
17096,"Austin Wentworth",4500,"OG","MIN"
13373,"Everson Griffen",4500,"DE","MIN"
16780,"Scott Crichton",4500,"DE","MIN"
10546,"Brian Robison",4500,"DE","MIN"
14673,"Justin Trattou",4500,"DE",
15301,"Chase Baker",4500,"DT",
9798,"Fred Evans",4500,"DT",
16992,"Isame Faciane",4500,"DT",
15791,"Sharrif Floyd",4500,"DT","MIN"
10001,"Tom Johnson",4500,"DT","MIN"
13281,"Linval Joseph",4500,"DT","MIN"
16866,"Shamar Stephen",4500,"DT","MIN"
13494,"Corey Wootton",4500,"DT","MIN"
16711,"Anthony Barr",4500,"LB","MIN"
12451,"Jasper Brinkley",4500,"LB","MIN"
15023,"Audie Cole",4500,"LB","MIN"
14375,"Larry Dean",4500,"LB","MIN"
14330,"Dom DeCicco",4500,"LB","MIN"
9603,"Chad Greenway",4500,"LB","MIN"
17180,"Justin Jackson",4500,"LB",
15903,"Michael Mauti",4500,"LB","MIN"
15977,"Gerald Hodges",4500,"LB","MIN"
16818,"Brandon Watts",4500,"LB","MIN"
16169,"Mike Zimmer",4500,"LB",
16833,"Antone Exum",4500,"CB","MIN"
16854,"Kendall James",4500,"CB",
12703,"Captain Munnerlyn",4500,"CB","MIN"
15048,"Shaun Prater",4500,"CB","MIN"
16878,"Jabari Price",4500,"CB","MIN"
15810,"Xavier Rhodes",4500,"CB","MIN"
14948,"Josh Robinson",4500,"CB","MIN"
13843,"Marcus Sherels",4500,"CB","MIN"
15079,"Robert Blanton",4500,"DB","MIN"
4542,"Chris Crocker",4500,"DB",
14499,"Julian Posey",4500,"DB",
12721,"Jamarca Sanford",4500,"SS","MIN"
14191,"Mistral Raymond",4500,"SS","MIN"
13939,"Andrew Sendejo",4500,"FS","MIN"
13340,"Kurt Coleman",4500,"FS",
14945,"Harrison Smith",4500,"FS","MIN"
15058,"Blair Walsh",4500,"PK","MIN"
15926,"Jeff Locke",4500,"P","MIN"
15168,"Case Keenum",4500,"QB","HOU"
8664,"Ryan Fitzpatrick",4500,"QB","HOU"
16943,"Tom Savage",4500,"QB","HOU"
16921,"Alfred Blue",4500,"RB","HOU"
8417,"Ronnie Brown",4500,"RB","HOU"
12497,"Arian Foster",4500,"RB","HOU"
15632,"Jonathan Grimes",4500,"RB","HOU"
16875,"Jay Prosch",4500,"FB","HOU"
17434,"Lacoltan Bester",4500,"WR",
16003,"Alan Bonner",4500,"WR","HOU"
16598,"Toben Opurum",4500,"RB",
15795,"DeAndre Hopkins",4500,"WR","HOU"
4461,"Andre Johnson",4500,"WR","HOU"
17395,"Travis Labhart",4500,"WR",
14916,"Keshawn Martin",4500,"WR","HOU"
17384,"Anthony McClung",4500,"WR","HOU"
16502,"Uzoma Nwachukwu",4500,"WR",
14969,"DeVier Posey",4500,"WR","HOU"
12598,"Mike Thomas",4500,"WR","HOU"
16766,"C.J. Fiedorowicz",4500,"TE","HOU"
13371,"Garrett Graham",4500,"TE","HOU"
15887,"Ryan Griffin",4500,"TE","HOU"
13011,"Zach Potter",4500,"TE",
17361,"James Ferentz",4500,"C",
15109,"Ben Jones",4500,"C","HOU"
8614,"Chris Myers",4500,"C","HOU"
11260,"Duane Brown",4500,"OT","HOU"
5954,"Tyson Clabo",4500,"OT","HOU"
17404,"Matt Feiler",4500,"OT",
14197,"Derek Newton",4500,"OT","HOU"
17377,"Bryan Witzmann",4500,"OT","HOU"
14513,"Will Yeatman",4500,"OT","HOU"
14962,"Brandon Brooks",4500,"OG","HOU"
17007,"Bronson Irwin",4500,"OG",
16544,"Alex Kupper",4500,"OG",
15609,"Cody White",4500,"OG","HOU"
16801,"Xavier Su'a-Filo",4500,"OG","HOU"
15698,"Keith Browner",4500,"DE",
15019,"Jared Crick",4500,"DE","HOU"
13033,"Tim Jamison",4500,"DE","HOU"
16947,"Jeoffrey Pagan",4500,"DE","HOU"
17428,"Julius Warmsley",4500,"DE",
13979,"J.J. Watt",4500,"DE","HOU"
13411,"Ricardo Mathews",4500,"DT",
16806,"Louis Nix III",4500,"DT","HOU"
14061,"Jerrell Powe",4500,"DT","HOU"
17368,"Jason Ankrah",4500,"LB","HOU"
17387,"Max Bullough",4500,"LB",
16734,"Jadeveon Clowney",4500,"LB","HOU"
12453,"Brian Cushing",4500,"LB","HOU"
14006,"Akeem Dent",4500,"LB","HOU"
11286,"Quentin Groves",4500,"LB",
17366,"Chris McAllister",4500,"LB",
14936,"Whitney Mercilus",4500,"LB","HOU"
14097,"Mike Mohamed",4500,"LB","HOU"
13997,"Brooks Reed",4500,"LB","HOU"
14506,"Jeff Tarpinian",4500,"LB","HOU"
16114,"Justin Tuggle",4500,"LB","HOU"
17400,"Chris Young",4500,"LB",
16562,"A.J. Bouye",4500,"CB","HOU"
13254,"Kareem Jackson",4500,"CB","HOU"
9610,"Johnathan Joseph",4500,"CB","HOU"
17467,"Dre Hal",4500,"DB","HOU"
10587,"Brandon Harris",4500,"DB",
11706,"Elbert Mack",4500,"DB","HOU"
15612,"Eddie Pleasant",4500,"DB","HOU"
14556,"Josh Victorian",4500,"DB","HOU"
17360,"Marcus Williams",4500,"DB",
16498,"Jawanza Starling",4500,"S",
16911,"Lonnie Ballentine",4500,"S","HOU"
12645,"Chris Clemons",4500,"SS","HOU"
15865,"D.J. Swearinger",4500,"SS","HOU"
14122,"Shiloh Keo",4500,"FS","HOU"
13404,"Kendrick Lewis",4500,"FS","HOU"
17372,"Chris Boswell",4500,"PK",
15091,"Randy Bullock",4500,"PK","HOU"
2273,"Shane Lechler",4500,"P","HOU"
15007,"Chandler Harnish",4500,"QB",
1575,"Matt Hasselbeck",4500,"QB","IND"
14874,"Andrew Luck",4500,"QB","IND"
14898,"Vick Ballard",4500,"RB","IND"
10693,"Ahmad Bradshaw",4500,"RB","IND"
16994,"David Fluellen",4500,"RB",
15041,"Daniel Herron",4500,"RB","IND"
13398,"Deji Karim",4500,"RB","IND"
14884,"Trent Richardson",4500,"RB","IND"
17094,"Zurlon Tipton",4500,"RB","IND"
14257,"Mario Harvey",4500,"FB","IND"
14104,"Stanley Havili",4500,"FB","IND"
14924,"T.Y. Hilton",4500,"WR","IND"
17195,"Ryan Lankford",4500,"WR",
16147,"Josh Lenz",4500,"WR",
16791,"Donte Moncrief",4500,"WR","IND"
12586,"Hakeem Nicks",4500,"WR","IND"
16159,"Da'Rick Rogers",4500,"WR","IND"
2578,"Reggie Wayne",4500,"WR","IND"
15360,"Griff Whalen",4500,"WR","IND"
14901,"Dwayne Allen",4500,"TE","IND"
16504,"Jack Doyle",4500,"TE","IND"
14900,"Coby Fleener",4500,"TE","IND"
14306,"Weslye Saunders",4500,"TE",
17091,"Erik Swoope",4500,"TE",
15897,"Khaled Holmes",4500,"C","IND"
17066,"Jonotthan Harrison",4500,"C","IND"
17473,"FN Lutz",4500,"C",
13970,"Anthony Castonzo",4500,"OT","IND"
11251,"Gosder Cherilus",4500,"OT","IND"
16894,"Ulrick John",4500,"OT","IND"
17065,"Matt Hall",4500,"OT",
16745,"Jack Mewhort",4500,"OT","IND"
16335,"Xavier Nixon",4500,"OT","IND"
13825,"Thomas Austin",4500,"OG","IND"
12684,"Lance Louis",4500,"OG","IND"
11429,"Donald Thomas",4500,"OG","IND"
11842,"Joe Reitz",4500,"OG","IND"
15869,"Hugh Thornton",4500,"OG","IND"
17095,"Josh Walker",4500,"OG",
17329,"Gannon Conway",4500,"DE",
17067,"Tyler Hoover",4500,"DE",
12443,"Ricky Jean Francois",4500,"DE","IND"
13394,"Arthur Jones",4500,"DE","IND"
12446,"Fili Moala",4500,"DE","IND"
16867,"Jonathan Newsome",4500,"DE","IND"
4524,"Cory Redding",4500,"DE","IND"
15039,"Josh Chapman",4500,"DT","IND"
15995,"Montori Hughes",4500,"DT","IND"
17071,"Zach Kerr",4500,"DT","IND"
10307,"Brandon McKinney",4500,"DT",
17081,"Nnamdi Obukwelu",4500,"DT",
15114,"Jeris Pendleton",4500,"DT","IND"
16632,"Daniel Adongo",4500,"LB","IND"
11533,"Jerrell Freeman",4500,"LB","IND"
12989,"Phillip Hunt",4500,"LB",
16931,"Andrew Jackson",4500,"LB",
9620,"D'Qwell Jackson",4500,"LB","IND"
15064,"Cam Johnson",4500,"LB","IND"
4596,"Robert Mathis",4500,"LB","IND"
15778,"Josh McNary",4500,"LB","IND"
13424,"Aaron Morgan",4500,"LB","IND"
16689,"Henoc Muamba",4500,"LB","IND"
13995,"Kelvin Sheppard",4500,"LB",
11437,"Andy Studebaker",4500,"LB","IND"
11401,"Erik Walden",4500,"LB","IND"
15815,"Bjoern Werner",4500,"LB","IND"
12424,"Vontae Davis",4500,"CB","IND"
16302,"Sheldon Price",4500,"CB",
12738,"Greg Toler",4500,"CB","IND"
5893,"Mike Adams",4500,"DB","IND"
13541,"Sergio Brown",4500,"DB","IND"
16131,"Marcus Burley",4500,"","IND"
13370,"Josh Gordy",4500,"DB","IND"
17078,"Dewey McDonald",4500,"DB",
10451,"LaRon Landry",4500,"SS","IND"
12757,"Colt Anderson",4500,"FS","IND"
12423,"Darius Butler",4500,"FS","IND"
15229,"Delano Howell",4500,"FS",
1097,"Adam Vinatieri",4500,"PK","IND"
12689,"Pat McAfee",4500,"P","IND"
16724,"Blake Bortles",4500,"QB","JAC"
11291,"Chad Henne",4500,"QB","JAC"
13211,"Toby Gerhart",4500,"RB","JAC"
16884,"Storm Johnson",4500,"RB","JAC"
14186,"Jordan Todman",4500,"RB","JAC"
15050,"Bradie Ewing",4500,"FB","JAC"
12850,"Will Ta'ufo'ou",4500,"FB","JAC"
14907,"Justin Blackmon",4500,"WR","JAC"
15448,"Mike Brown",4500,"WR","JAC"
14190,"Tandon Doss",4500,"WR","JAC"
17131,"Damian Copeland",4500,"WR","JAC"
17177,"Allen Hurns",4500,"WR","JAC"
16787,"Marqise Lee",4500,"WR","JAC"
16799,"Allen Robinson",4500,"WR","JAC"
15951,"Denard Robinson",4500,"WR","JAC"
16022,"Ace Sanders",4500,"WR","JAC"
14184,"Cecil Shorts III",4500,"WR","JAC"
13376,"Clay Harbor",4500,"TE","JAC"
17183,"Marcel Jensen",4500,"TE","JAC"
17192,"Reggie Jordan",4500,"TE","JAC"
9614,"Marcedes Lewis",4500,"TE","JAC"
13431,"Fendi Onobun",4500,"TE","JAC"
16830,"Luke Bowanko",4500,"C","JAC"
15796,"Luke Joeckel",4500,"OT","JAC"
15347,"Austin Pasztor",4500,"OT","JAC"
17283,"Josh Wells",4500,"OT","JAC"
13496,"Sam Young",4500,"OT","JAC"
13261,"Zane Beadles",4500,"OG","JAC"
16770,"Brandon Linder",4500,"OG","JAC"
13413,"Jacques McClendon",4500,"OG","JAC"
13233,"Tyson Alualu",4500,"DE","JAC"
16359,"Carson Tinker",4500,"C","JAC"
14952,"Andre Branch",4500,"DE","JAC"
11358,"Red Bryant",4500,"DE","JAC"
15319,"Ryan Davis",4500,"DE","JAC"
12442,"Ziggy Hood",4500,"DE","JAC"
16376,"Abry Jones",4500,"DE","JAC"
4864,"Chris Clemons",4500,"DE","JAC"
16917,"Chris Smith",4500,"DE","JAC"
12445,"Sen'Derrick Marks",4500,"DT","JAC"
12698,"Roy Miller",4500,"DT","JAC"
10478,"Paul Posluszny",4500,"LB","JAC"
16449,"LaRoy Reynolds",4500,"LB","JAC"
16087,"John Lotulelei",4500,"LB","JAC"
16891,"Telvin Smith",4500,"LB","JAC"
15040,"Nathan Stupar",4500,"LB",
14216,"J.T. Thomas",4500,"LB","JAC"
11409,"Geno Hayes",4500,"LB","JAC"
13482,"Dekoda Watson",4500,"LB","JAC"
10680,"Alan Ball",4500,"CB","JAC"
17112,"Deion Belue",4500,"CB","JAC"
9701,"Will Blackmon",4500,"CB","JAC"
14955,"Jamell Fleming",4500,"CB",
15840,"Dwayne Gratz",4500,"CB","JAC"
16027,"Jeremy Harris",4500,"CB","JAC"
16005,"Demetrius McCray",4500,"CB","JAC"
17240,"Rashaad Reynolds",4500,"CB","JAC"
15831,"Johnathan Cyprien",4500,"SS","JAC"
12617,"Sherrod Martin",4500,"DB",
14072,"Chris Prosinski",4500,"SS","JAC"
15984,"Josh Evans",4500,"FS","JAC"
15073,"Winston Guy",4500,"FS","JAC"
5662,"Josh Scobee",4500,"PK","JAC"
14950,"Bryan Anger",4500,"P","JAC"
15162,"Dominique Davis",4500,"QB",
13969,"Jake Locker",4500,"QB","TEN"
16814,"Zach Mettenberger",4500,"QB","TEN"
9667,"Charlie Whitehurst",4500,"QB","TEN"
17105,"Antonio Andrews",4500,"RB",
11197,"Jackie Battle",4500,"RB","TEN"
12500,"Shonn Greene",4500,"RB","TEN"
13207,"Dexter McCluster",4500,"RB","TEN"
9703,"Leon Washington",4500,"RB","TEN"
16794,"Bishop Sankey",4500,"RB","TEN"
15130,"Collin Mooney",4500,"FB",
9668,"Derek Hagan",4500,"WR","TEN"
13409,"Marc Mariani",4500,"WR",
14610,"Michael Preston",4500,"WR","TEN"
15845,"Justin Hunter",4500,"WR","TEN"
12592,"Brian Robiskie",4500,"WR",
17261,"Josh Stewart",4500,"WR","TEN"
17277,"Eric Ward",4500,"WR","TEN"
9307,"Nate Washington",4500,"WR","TEN"
14909,"Kendall Wright",4500,"WR","TEN"
12536,"Chase Coffman",4500,"TE",
16576,"Jason Schepler",4500,"TE",
11319,"Craig Stevens",4500,"TE","TEN"
15067,"Taylor Thompson",4500,"TE","TEN"
9761,"Delanie Walker",4500,"TE","TEN"
15355,"Beau Brinkley",4500,"C","TEN"
17179,"Gabe Ikard",4500,"C","TEN"
15978,"Brian Schwenke",4500,"C","TEN"
15368,"Jeff Adams",4500,"OT",
12621,"Michael Oher",4500,"OT","TEN"
8455,"Michael Roos",4500,"OT","TEN"
14187,"Byron Stingily",4500,"OT","TEN"
16708,"Taylor Lewan",4500,"OT","TEN"
10675,"Steve Vallos",4500,"OT","TEN"
12614,"Andy Levitre",4500,"OG","TEN"
17211,"Justin McCray",4500,"OG",
13430,"Eric Olsen",4500,"OG",
15814,"Chance Warmack",4500,"OG","TEN"
11524,"Marcus Dixon",4500,"DE",
15909,"Lavar Edwards",4500,"DE","DAL"
14079,"Karl Klug",4500,"DE","TEN"
13248,"Derrick Morgan",4500,"DE","TEN"
11778,"Ropati Pitoitua",4500,"DE","TEN"
9599,"Kamerion Wimbley",4500,"DE","TEN"
15399,"Chigbo Anunoby",4500,"DT",
14047,"Jurrell Casey",4500,"DT","TEN"
12667,"Sammie Hill",4500,"DT","TEN"
14988,"Mike Martin",4500,"DT","TEN"
13493,"Al Woods",4500,"DT","TEN"
14015,"Akeem Ayers",4500,"LB","TEN"
11496,"Patrick Bailey",4500,"LB","TEN"
14973,"Zach Brown",4500,"LB","TEN"
16393,"Brandon Copeland",4500,"LB",
12653,"Moise Fokou",4500,"LB",
15838,"Zaviar Gooden",4500,"LB","TEN"
14074,"Colin McCarthy",4500,"LB","TEN"
5623,"Shaun Phillips",4500,"LB","TEN"
16920,"Avery Williamson",4500,"LB","TEN"
11609,"Wesley Woodyard",4500,"LB","TEN"
12691,"Jason McCourty",4500,"CB","TEN"
14998,"Coty Sensabaugh",4500,"CB","TEN"
15942,"Khalid Wooten",4500,"CB","TEN"
15881,"Blidi Wreh-Wilson",4500,"CB","TEN"
14062,"Tommie Campbell",4500,"DB",
17442,"Winston Wright",4500,"DB",
9640,"Bernard Pollard",4500,"SS","TEN"
16030,"Daimion Stafford",4500,"SS","TEN"
16904,"Marqueston Huff",4500,"S","TEN"
10463,"Michael Griffin",4500,"FS","TEN"
9267,"George Wilson",4500,"FS","TEN"
16547,"Maikon Bonani",4500,"PK",
17130,"Travis Coons",4500,"PK","TEN"
15894,"Sean Renfree",4500,"QB","ATL"
11237,"Matt Ryan",4500,"QB","ATL"
14114,"T.J. Yates",4500,"QB","ATL"
16944,"Devonta Freeman",4500,"RB","ATL"
5549,"Steven Jackson",4500,"RB","ATL"
13158,"Antone Smith",4500,"RB","ATL"
14193,"Jacquizz Rodgers",4500,"RB","ATL"
14332,"Patrick DiMarco",4500,"FB","ATL"
17113,"Geraldo Boldewijn",4500,"WR",
14478,"Drew Davis",4500,"WR","ATL"
11318,"Harry Douglas",4500,"WR","ATL"
15052,"Jeremy Ebert",4500,"WR",
9643,"Devin Hester",4500,"WR","ATL"
13982,"Julio Jones",4500,"WR","ATL"
17032,"Bernard Reedy",4500,"WR",
8482,"Courtney Roby",4500,"WR","ATL"
10770,"Eric Weems",4500,"WR","ATL"
12548,"Bear Pascoe",4500,"TE","ATL"
13456,"Mickey Shuler",4500,"TE",
15980,"Levine Toilolo",4500,"TE","ATL"
15151,"Josh Harris",4500,"C","ATL"
13385,"Joe Hawley",4500,"C","ATL"
8442,"Roddy White",4500,"WR","ATL"
17262,"James Stone",4500,"C","ATL"
14968,"Peter Konz",4500,"C","ATL"
11255,"Sam Baker",4500,"OT","ATL"
14986,"Lamar Holmes",4500,"OT","ATL"
16199,"Terren Jones",4500,"OT",
16713,"Jake Matthews",4500,"OT","ATL"
13260,"Jon Asamoah",4500,"OG","ATL"
10483,"Justin Blalock",4500,"OG","ATL"
16222,"Ryan Schraeder",4500,"OT","ATL"
13967,"Gabe Carimi",4500,"OG","ATL"
15283,"Harland Gunn",4500,"OG",
13279,"Mike Johnson",4500,"OG","ATL"
11388,"Kroy Biermann",4500,"DE","ATL"
12435,"Tyson Jackson",4500,"DE","ATL"
15999,"Stansly Maponga",4500,"DE","ATL"
15099,"Jonathan Massaquoi",4500,"DE","ATL"
15957,"Malliciah Goodman",4500,"DE","ATL"
14182,"Cliff Matthews",4500,"DE","ATL"
4514,"Osi Umenyiora",4500,"DE","ATL"
8473,"Jonathan Babineaux",4500,"DT","ATL"
16744,"Ra'Shede Hageman",4500,"DT","ATL"
13292,"Corey Peters",4500,"DT","ATL"
15012,"Travian Robertson",4500,"DT",
10552,"Paul Soliai",4500,"DT","ATL"
16171,"Joplo Bartu",4500,"LB","ATL"
9737,"Tim Dobbins",4500,"LB","ATL"
16881,"Prince Shembo",4500,"LB","ATL"
17255,"Jacques Smith",4500,"LB",
16905,"Marquis Spruill",4500,"LB","ATL"
13243,"Sean Weatherspoon",4500,"LB","ATL"
16856,"Tyler Starr",4500,"LB","ATL"
16243,"Paul Worrilow",4500,"LB","ATL"
16882,"Ricardo Allen",4500,"CB",
13259,"Javier Arenas",4500,"CB","ATL"
13412,"Robert McClain",4500,"CB","ATL"
15812,"Desmond Trufant",4500,"CB","ATL"
15817,"Robert Alford",4500,"CB","ATL"
15406,"Sean Baker",4500,"DB",
10499,"Josh Wilson",4500,"CB","ATL"
16008,"Kemal Ishmael",4500,"DB","ATL"
12530,"William Moore",4500,"SS","ATL"
11347,"Dwight Lowery",4500,"FS","ATL"
15993,"Zeke Motta",4500,"FS","ATL"
16747,"Dezmen Southward",4500,"FS","ATL"
4333,"Matt Bryant",4500,"PK","ATL"
14073,"Matt Bosher",4500,"P","ATL"
8627,"Derek Anderson",4500,"QB","CAR"
15645,"Matt Blanchard",4500,"QB","CAR"
13994,"Cam Newton",4500,"QB","CAR"
13484,"Joe Webb",4500,"QB","CAR"
11247,"Jonathan Stewart",4500,"RB","CAR"
15755,"Fozzy Whittaker",4500,"RB","CAR"
9613,"DeAngelo Williams",4500,"RB","CAR"
11658,"Mike Tolbert",4500,"FB","CAR"
16444,"Michael Zordich",4500,"FB",
9695,"Jason Avant",4500,"WR","CAR"
17397,"Darrin Reaves",4500,"RB",
15547,"Brenton Bersin",4500,"WR","CAR"
17399,"Philly Brown",4500,"WR","CAR"
5633,"Jerricho Cotchery",4500,"WR","CAR"
15911,"Tavarres King",4500,"WR",
17382,"Marcus Lucas",4500,"WR",
15629,"De'Andre Presley",4500,"WR","CAR"
13272,"Ed Dickson",4500,"TE","CAR"
15890,"D.C. Jefferson",4500,"TE","CAR"
13538,"Richie Brockel",4500,"TE","CAR"
14637,"Mike McNeill",4500,"TE",
10475,"Greg Olsen",4500,"TE","CAR"
16313,"Brandon Williams",4500,"TE","CAR"
11759,"J.J. Jansen",4500,"C","CAR"
10503,"Ryan Kalil",4500,"C","CAR"
13699,"Kevin Matthews",4500,"C","CAR"
14753,"Byron Bell",4500,"OT","CAR"
15492,"Nate Chandler",4500,"OT","CAR"
17439,"David Foucault",4500,"OT","CAR"
14550,"Kevin Hughes",4500,"OT",
15597,"Andrew McDonald",4500,"OT",
12906,"Garry Williams",4500,"OT","CAR"
16034,"Edmund Kugbila",4500,"OL","CAR"
15325,"Derek Dennis",4500,"OG",
13451,"Chris Scott",4500,"OG",
14981,"Amini Silatolu",4500,"OG","CAR"
16789,"Trai Turner",4500,"OG","CAR"
11601,"Fernando Velasco",4500,"OG","CAR"
14320,"Mario Addison",4500,"DE","CAR"
15010,"Frank Alexander",4500,"DE","CAR"
13377,"Greg Hardy",4500,"DE","CAR"
16431,"Wes Horton",4500,"DE","CAR"
10527,"Charles Johnson",4500,"DE","CAR"
4870,"Colin Cole",4500,"DT","CAR"
5576,"Dwan Edwards",4500,"DT","CAR"
15802,"Star Lotulelei",4500,"DT","CAR"
14029,"Drake Nevis",4500,"DT",
15152,"Micanor Regis",4500,"DT",
15862,"Kawann Short",4500,"DT","CAR"
16441,"Casey Walker",4500,"DT",
17370,"Denicos Allen",4500,"LB",
9289,"Chase Blackburn",4500,"LB","CAR"
8429,"Thomas Davis",4500,"LB","CAR"
14739,"Ben Jacobs",4500,"LB","CAR"
17401,"Adarius Glanton",4500,"LB",
14938,"Luke Kuechly",4500,"LB","CAR"
15964,"A.J. Klein",4500,"LB","CAR"
12749,"Jason Williams",4500,"LB","CAR"
14170,"D.J. Smith",4500,"LB",
16872,"Ben Benwikere",4500,"CB","CAR"
11261,"Antoine Cason",4500,"CB","CAR"
15124,"Josh Norman",4500,"CB","CAR"
14162,"Josh Thomas",4500,"CB",
15956,"Jonathan Meeks",4500,"DB","BUF"
14059,"Jimmy Wilson",4500,"DB","MIA"
15231,"Michael Thomas",4500,"S","MIA"
17068,"Kerry Hyder",4500,"DE",
16826,"Bryan Stork",4500,"C","NE"
16365,"Chris Barker",4500,"OG","NE"
16013,"Joseph Randle",4500,"RB","DAL"
17310,"Jordan Najvar",4500,"TE","DAL"
16197,"Jamaal Johnson-Webb",4500,"OL",
15895,"Cooper Taylor",4500,"S","NYG"
13321,"Stevie Brown",4500,"SS","NYG"
4680,"Josh Brown",4500,"PK","NYG"
14889,"Chris Polk",4500,"RB","PHI"
12449,"Connor Barwin",4500,"LB","PHI"
9689,"Brad Smith",4500,"WR","PHI"
13226,"Andre Roberts",4500,"WR","WAS"
15082,"Tom Compton",4500,"OT","WAS"
15017,"Keenan Robinson",4500,"LB","WAS"
16852,"Lamin Barrow",4500,"LB","DEN"
15922,"John Boyett",4500,"SS",
17051,"Albert Wilson",4500,"WR","KC"
15871,"Menelik Watson",4500,"OT","OAK"
16250,"Lamar Mady",4500,"OG",
16317,"Jordan Campbell",4500,"FB",
13265,"Donald Butler",4500,"LB","SD"
17429,"Bojay Filimoeatu",4500,"LB",
2482,"Mike Leach",4500,"C","ARI"
13302,"Jared Veldheer",4500,"OT","ARI"
15357,"Eddie Whitley",4500,"DB","ARI"
15108,"Joe Looney",4500,"OG","SF"
15933,"Nick Moody",4500,"LB","SF"
14851,"Terrelle Pryor",4500,"QB",
14285,"Chris Matthews",4500,"WR",
14084,"Stephen Schilling",4500,"OG","SEA"
15996,"Zac Stacy",4500,"RB","STL"
14035,"Austin Pettis",4500,"WR","STL"
15900,"Rick Wagner",4500,"OT","BAL"
14042,"William Rackley",4500,"OG","BAL"
16908,"Christian Bryant",4500,"S",
16785,"Timmy Jernigan",4500,"DT","BAL"
13845,"Anthony Levine",4500,"DB","BAL"
10464,"Aaron Ross",4500,"DB","BAL"
17289,"James Wilder Jr.",4500,"RB",
16924,"Marquis Flowers",4500,"LB","CIN"
9628,"Danieal Manning",4500,"SS",
12437,"Paul Kruger",4500,"LB","CLE"
2467210,"Josh Harris",4500,"RB",
14870,"Will Johnson",4500,"FB","PIT"
11278,"Matt Forte",4500,"RB","CHI"
16821,"David Fales",4500,"QB","CHI"
16661,"Brandon Hartson",4500,"C","CHI"
17432,"Marcus Trice",4500,"DB",
15994,"Theo Riddick",4500,"RB","DET"
16649,"Xavier Proctor",4500,"DT",
11382,"Josh Sitton",4500,"OG","GB"
15647,"Chase Ford",4500,"TE",
14433,"Allen Reisner",4500,"TE",
16934,"David Yankey",4500,"OG","MIN"
17392,"Anthony Denham",4500,"TE",
13729,"Jonathan Weeks",4500,"C","HOU"
16142,"Paul Hazel",4500,"LB",
13186,"Matt Overton",4500,"C","IND"
14561,"Kerry Taylor",4500,"WR",
14226,"Cameron Bradfield",4500,"OT","JAC"
8441,"Chris Spencer",4500,"C","TEN"
17390,"Will Poehls",4500,"OT",
10595,"Antonio Johnson",4500,"DT","TEN"
17104,"Ri'Shard Anderson",4500,"DB",
11555,"Brett Kern",4500,"P","TEN"
16730,"Kelvin Benjamin",4500,"WR","CAR"
15447,"Brian Folkerts",4500,"C","CAR"
16773,"Kony Ealy",4500,"DE","CAR"
16815,"Devin Street",4500,"WR","DAL"
17429,"Bojay Filimoeatu",4500,"LB",
16910,"DaQuan Jones",4500,"DT","TEN"
16910,"DaQuan Jones",4500,"DT","TEN"
17388,"Andrew Norwell",4500,"OG","CAR"
2580,"Drew Brees",4500,"QB","NO"
5631,"Luke McCown",4500,"QB","NO"
15457,"Travaris Cadet",4500,"RB","NO"
13981,"Mark Ingram",4500,"RB","NO"
16530,"Khiry Robinson",4500,"RB","NO"
10713,"Pierre Thomas",4500,"RB","NO"
15765,"Austin Johnson",4500,"FB","NO"
13407,"Erik Lorig",4500,"FB","NO"
9838,"Marques Colston",4500,"WR","NO"
16731,"Brandin Cooks",4500,"WR","NO"
10471,"Robert Meachem",4500,"WR","NO"
14424,"Joseph Morgan",4500,"WR","NO"
16928,"Jalen Saunders",4500,"WR","NO"
16016,"Kenny Stills",4500,"WR","NO"
13872,"Andy Tanner",4500,"WR","NO"
14921,"Nick Toon",4500,"WR","NO"
13232,"Jimmy Graham",4500,"TE","NO"
16143,"Josh Hill",4500,"TE","NO"
5557,"Benjamin Watson",4500,"TE","NO"
13559,"Justin Drescher",4500,"C","NO"
3682,"Jonathan Goodwin",4500,"C","NO"
16146,"Tim Lelito",4500,"C","NO"
15821,"Terron Armstead",4500,"OT","NO"
16047,"Nick Becton",4500,"OT","NO"
15145,"Bryce Harris",4500,"OT","NO"
9796,"Zach Strief",4500,"OT","NO"
9694,"Jahri Evans",4500,"OG","NO"
10473,"Ben Grubbs",4500,"OG","NO"
15123,"Senio Kelemete",4500,"OG","NO"
13351,"Brandon Deaderick",4500,"DE","NO"
16136,"Glenn Foster",4500,"DE","NO"
14984,"Akiem Hicks",4500,"DE","NO"
13971,"Cameron Jordan",4500,"DE","NO"
14160,"Cheta Ozougwu",4500,"DE","NO"
15460,"Tyrunn Walker",4500,"DE","NO"
9600,"Brodrick Bunkley",4500,"DT","NO"
15846,"John Jenkins",4500,"DT","NO"
17141,"Kasim Edebali",4500,"LB","NO"
12653,"Moise Fokou",4500,"LB","NO"
13566,"Junior Galette",4500,"LB","NO"
9726,"Parys Haralson",4500,"LB","NO"
11544,"David Hawthorne",4500,"LB","NO"
12988,"Ramon Humber",4500,"LB","NO"
15699,"Kyle Knox",4500,"LB","NO"
11271,"Curtis Lofton",4500,"LB","NO"
16887,"Ronald Powell",4500,"LB","NO"
16774,"Stan Jean-Baptiste",4500,"CB","NO"
12683,"Keenan Lewis",4500,"CB","NO"
13238,"Patrick Robinson",4500,"CB","NO"
15086,"Corey White",4500,"CB","NO"
16698,"Marcus Ball",4500,"DB","NO"
15725,"A.J. Davis",4500,"DB","NO"
17139,"Brian Dixon",4500,"DB","NO"
15065,"Terrence Frederick",4500,"DB","NO"
17278,"Pierre Warren",4500,"DB","NO"
17298,"Ty Zimmerman",4500,"DB","NO"
16938,"Vinnie Sunseri",4500,"S","NO"
12721,"Jamarca Sanford",4500,"SS","NO"
15813,"Kenny Vaccaro",4500,"SS","NO"
13544,"Rafael Bush",4500,"FS","NO"
12613,"Jairus Byrd",4500,"FS","NO"
3504,"Shayne Graham",4500,"PK","NO"
12701,"Thomas Morstead",4500,"P","NO"
15837,"Mike Glennon",4500,"QB","TB"
3609,"Josh McCown",4500,"QB","TB"
15968,"Mike James",4500,"RB","TB"
14885,"Doug Martin",4500,"RB","TB"
15501,"Bobby Rainey",4500,"RB","TB"
16749,"Charles Sims",4500,"RB","TB"
12524,"Marcus Thigpen",4500,"RB","TB"
12510,"Jorvorskie Lane",4500,"FB","TB"
16737,"Mike Evans",4500,"WR","TB"
16903,"Robert Herron",4500,"WR","TB"
8475,"Vincent Jackson",4500,"WR","TB"
12585,"Louis Murphy",4500,"WR","TB"
16227,"Russell Shepard",4500,"WR","TB"
12705,"Brandon Myers",4500,"TE","TB"
16795,"Austin Seferian-Jenkins",4500,"TE","TB"
14099,"Luke Stocker",4500,"TE","TB"
15726,"Andrew DePaola",4500,"C","TB"
12972,"Evan Dietrich-Smith",4500,"C","TB"
11346,"Anthony Collins",4500,"OT","TB"
11333,"Oniel Cousins",4500,"OT","TB"
13050,"Demar Dotson",4500,"OT","TB"
16032,"Garrett Gilkey",4500,"OT","TB"
16835,"Kevin Pamphile",4500,"OT","TB"
16859,"Kadeem Edwards",4500,"OG","TB"
8446,"Logan Mankins",4500,"OG","TB"
16327,"Patrick Omameh",4500,"OG","TB"
14046,"Da'Quan Bowers",4500,"DE","TB"
13965,"Adrian Clayborn",4500,"DE","TB"
12434,"Larry English",4500,"DE","TB"
2469737,"T.J. Fatinikun",4500,"DE","TB"
16019,"William Gholston",4500,"DE","TB"
12436,"Michael Johnson",4500,"DE","TB"
15356,"Jacquies Smith",4500,"DE","TB"
13240,"Gerald McCoy",4500,"DT","TB"
12692,"Clinton McDonald",4500,"DT","TB"
15958,"Akeem Spence",4500,"DT","TB"
14985,"Lavonte David",4500,"LB","TB"
13564,"Dane Fletcher",4500,"LB","TB"
14023,"Mason Foster",4500,"LB","TB"
11762,"Danny Lansanah",4500,"LB","TB"
14343,"Orie Lemon",4500,"LB","TB"
16478,"Brandon Magee",4500,"LB","TB"
15824,"Johnthan Banks",4500,"CB","TB"
13324,"Crezdon Butler",4500,"CB","TB"
15084,"Isaiah Frey",4500,"CB","TB"
11259,"Mike Jenkins",4500,"CB","TB"
15398,"Leonard Johnson",4500,"CB","TB"
13478,"Alterraun Verner",4500,"CB","TB"
16957,"Brandon Dixon",4500,"DB","TB"
16168,"C.J. Wilson",4500,"DB","TB"
13307,"Major Wright",4500,"SS","TB"
10569,"Dashon Goldson",4500,"FS","TB"
16269,"Bradley McDougald",4500,"FS","TB"
15001,"Keith Tandy",4500,"FS","TB"
16684,"Patrick Murray",4500,"PK","TB"
9263,"Michael Koenen",4500,"P","TB"
